Sandy Alcantara,MIA,14,9,32,6,1,0,228.2,174,58,16,50,207,9,alcansa01
Aaron Nola,PHI,11,13,32,2,1,0,205.0,168,74,19,29,235,9,nolaaa01
Miles Mikolas,STL,12,13,33,1,0,0,202.1,170,74,25,39,153,6,mikolmi01
Corbin Burnes,MIL,12,8,33,0,0,0,202.0,144,66,23,51,243,13,burneco01
Framber Valdez*,HOU,17,6,31,3,1,0,201.1,166,63,11,67,194,11,valdefr01
Gerrit Cole,NYY,13,8,33,0,0,0,200.2,154,78,33,50,257,2,colege01
Merrill Kelly,ARI,13,8,33,0,0,0,200.1,167,75,21,61,177,2,kellyme01
Shane Bieber,CLE,13,8,31,1,0,0,200.0,172,64,18,36,198,2,biebesh01
Alek Manoah,TOR,16,7,31,0,0,0,196.2,144,49,16,51,180,15,manoaal01
Martin Perez*,TEX,12,8,32,1,1,0,196.1,178,63,11,69,169,6,perezma02
Yu Darvish,SDP,16,8,30,0,0,0,194.2,148,67,22,37,197,12,darviyu01
Logan Webb,SFG,15,9,32,0,0,0,192.1,174,62,11,49,163,7,webblo01
Adam Wainwright,STL,11,12,32,1,0,0,191.2,192,79,16,54,143,7,wainwad01
Triston McKenzie,CLE,11,11,31,0,0,0,191.1,138,63,25,44,190,5,mckentr01
Robbie Ray*,SEA,12,12,32,0,0,0,189.0,163,78,32,62,212,7,rayro02
Cal Quantrill,CLE,15,5,32,0,0,0,186.1,178,70,21,47,128,10,quantca01
Logan Gilbert,SEA,13,6,32,0,0,0,185.2,170,66,19,49,174,6,gilbelo01
Max Fried*,ATL,14,7,30,0,0,0,185.1,156,51,12,32,170,4,friedma01
Dylan Cease,CHW,14,8,32,1,1,0,184.0,126,45,16,78,227,3,ceasedy01
Zac Gallen,ARI,12,4,31,0,0,0,184.0,121,52,15,47,192,12,galleza01
Marco Gonzales*,SEA,10,15,32,0,0,0,183.0,194,84,30,50,103,7,gonzama02
Chris Bassitt,NYM,15,9,30,0,0,0,181.2,159,69,19,49,167,13,bassich01
German Marquez,COL,9,13,31,0,0,0,181.2,185,100,30,63,150,4,marquge01
Cole Irvin*,OAK,9,13,30,0,0,0,181.0,174,80,25,36,128,7,irvinco01
Joe Musgrove,SDP,10,7,30,0,0,0,181.0,154,59,22,42,184,14,musgrjo01
Kyle Wright,ATL,21,5,30,0,0,0,180.1,156,64,19,53,174,9,wrighky01
Pablo Lopez,MIA,10,10,32,0,0,0,180.0,157,75,21,53,174,8,lopezpa01
LgAvg per 180 IP,,10,10,90,0,0,5,180,167,80,22,63,171,9,-9999
Nick Pivetta,BOS,10,12,33,1,0,0,179.2,175,91,27,73,175,5,pivetni01
Jordan Lyles,BAL,12,11,32,1,0,0,179.0,196,88,26,52,144,8,lylesjo01
Tyler Anderson*,LAD,15,5,30,0,0,0,178.2,145,51,14,34,138,9,anderty01
Jordan Montgomery*,TOT,9,6,32,1,1,0,178.1,159,69,21,36,158,8,montgjo01
Carlos Rodon*,SFG,14,8,31,1,0,0,178.0,131,57,12,52,237,3,rodonca01
Jameson Taillon,NYY,14,5,32,0,0,0,177.1,168,77,26,32,151,5,taillja01
Julio Urias*,LAD,17,7,31,0,0,0,175.0,127,42,23,41,166,5,uriasju01
Justin Verlander,HOU,18,4,28,0,0,0,175.0,116,34,12,29,185,6,verlaju01
Kyle Freeland*,COL,9,11,31,0,0,0,174.2,193,88,19,53,131,16,freelky01
Kevin Gausman,TOR,12,10,31,0,0,0,174.2,188,65,15,28,205,1,gausmke01
Jose Berrios,TOR,12,7,32,0,0,0,172.0,199,100,29,45,149,11,berrijo01
Charlie Morton,ATL,9,6,31,0,0,0,172.0,149,83,28,63,205,18,mortoch02
Kyle Gibson,PHI,10,8,31,0,0,0,167.2,176,94,24,48,144,9,gibsoky01
Shane McClanahan*,TBR,12,8,28,0,0,0,166.1,116,47,19,38,194,3,mcclash01
Shohei Ohtani,LAA,15,9,28,0,0,0,166.0,124,43,14,44,219,2,ohtansh01
Jose Quintana*,TOT,6,7,32,0,0,0,165.2,154,54,8,47,137,3,quintjo01
Jose Urquidy,HOU,13,8,29,0,0,0,164.1,154,72,29,38,134,7,urquijo01
Corey Kluber,TBR,10,10,31,0,0,0,164.0,178,79,20,21,139,10,klubeco01
Lucas Giolito,CHW,11,9,30,0,0,0,161.2,171,88,24,61,177,4,giolilu01
Mitch Keller,PIT,5,12,31,0,0,0,159.0,162,69,14,60,138,12,kellemi03
Madison Bumgarner*,ARI,7,15,30,0,0,0,158.2,179,86,25,49,112,9,bumgama01
Eric Lauer*,MIL,11,7,29,0,0,0,158.2,135,65,27,59,157,2,lauerer01
Nestor Cortes*,NYY,12,4,28,1,1,0,158.1,108,43,16,38,163,2,cortene01
Johnny Cueto,CHW,8,10,25,1,0,0,158.1,161,59,15,33,102,6,cuetojo01
Sean Manaea*,SDP,8,9,30,0,0,0,158.0,155,87,29,50,156,3,manaese01
Luis Garcia,HOU,15,8,28,0,0,0,157.1,131,65,23,47,157,1,garcilu05
Taijuan Walker,NYM,12,5,29,0,0,0,157.1,143,61,15,45,132,6,walketa01
Ranger Suarez*,PHI,10,7,29,0,0,0,155.1,149,63,15,58,129,2,suarera01
Dane Dunning,TEX,4,8,29,0,0,0,153.1,158,76,20,62,137,11,dunnida01
Brady Singer,KCR,10,5,27,0,0,0,153.1,140,55,18,35,150,11,singebr01
Brandon Woodruff,MIL,13,4,27,0,0,0,153.1,122,52,18,42,190,5,woodrbr01
Zack Wheeler,PHI,12,7,26,0,0,0,153.0,125,48,13,34,163,7,wheelza01
Patrick Corbin*,WSN,6,19,31,1,0,0,152.2,210,107,27,49,128,7,corbipa01
Carlos Carrasco,NYM,15,7,29,0,0,0,152.0,161,67,17,41,152,8,carraca01
Luis Castillo,TOT,8,6,25,0,0,0,150.1,118,50,13,45,167,8,castilu02
Alex Cobb,SFG,7,8,28,0,0,0,149.2,152,62,9,43,151,3,cobbal01
Josiah Gray,WSN,7,10,28,0,0,0,148.2,136,83,38,66,154,8,grayjo03
Cristian Javier,HOU,11,9,30,0,0,0,148.2,89,42,17,52,194,6,javiecr01
Patrick Sandoval*,LAA,6,9,27,1,1,0,148.2,139,48,8,60,151,5,sandopa02
Joe Ryan,MIN,13,8,27,0,0,0,147.0,115,58,20,47,151,10,ryanjo04
Drew Rasmussen,TBR,11,7,28,0,0,0,146.0,121,46,13,31,125,3,rasmudr01
Max Scherzer,NYM,11,5,23,0,0,0,145.1,108,37,13,24,173,11,scherma01
Frankie Montas,TOT,5,12,27,0,0,0,144.1,137,65,18,43,142,6,montafr02
JT Brubaker,PIT,3,12,28,0,0,0,144.0,157,75,17,54,147,9,brubajt01
Dylan Bundy,MIN,8,8,29,0,0,0,140.0,151,76,24,28,94,3,bundydy01
Dakota Hudson,STL,8,7,27,0,0,0,139.2,141,69,9,61,78,9,hudsoda02
Brad Keller,KCR,6,14,35,0,0,1,139.2,153,79,17,57,102,2,kellebr01
Marcus Stroman,CHC,6,7,25,0,0,0,138.2,123,54,16,36,119,4,stromma01
Chris Flexen,SEA,8,9,33,0,0,2,137.2,132,57,17,51,95,2,flexech01
Zack Greinke,KCR,4,9,26,0,0,0,137.0,157,56,14,27,73,3,greinza01
Chad Kuhl,COL,6,11,27,1,1,0,137.0,155,87,25,58,110,5,kuhlch01
Glenn Otto,TEX,7,10,27,0,0,0,135.2,119,70,21,62,107,13,ottogl01
Jeffrey Springs*,TBR,9,5,33,0,0,0,135.1,114,37,14,31,144,1,sprinje01
Noah Syndergaard,TOT,10,10,25,1,0,0,134.2,138,59,14,31,95,4,syndeno01
Zach Davies,ARI,2,5,27,0,0,0,134.1,122,61,21,52,102,2,davieza02
Ross Stripling,TOR,10,4,32,0,0,1,134.1,117,45,12,20,111,2,stripro01
James Kaprielian,OAK,5,9,26,0,0,0,134.0,121,63,16,59,98,5,kaprija01
Daniel Lynch*,KCR,4,13,27,0,0,0,131.2,155,75,21,52,122,5,lynchda02
Zach Plesac,CLE,3,12,25,0,0,0,131.2,136,63,19,38,100,5,plesaza01
Spencer Strider,ATL,11,5,31,0,0,0,131.2,86,39,7,45,202,3,stridsp01
Alex Wood*,SFG,8,12,26,0,0,0,130.2,132,74,17,30,131,12,woodal02
Tony Gonsolin,LAD,16,1,24,0,0,0,130.1,79,31,11,35,119,4,gonsoto01
George Kirby,SEA,8,5,25,0,0,0,130.0,135,49,13,22,133,5,kirbyge01
Kris Bubic*,KCR,3,13,28,0,0,0,129.0,156,80,18,63,110,4,bubickr01
Reid Detmers*,LAA,7,6,25,1,1,0,129.0,110,54,13,46,122,8,detmere01
Blake Snell*,SDP,8,10,24,0,0,0,128.0,103,48,11,51,171,2,snellbl01
Jon Gray,TEX,7,7,24,0,0,0,127.1,105,56,17,39,134,6,grayjo02
Michael Wacha,BOS,11,2,23,1,1,0,127.1,111,47,18,31,104,4,wachami01
Erick Fedde,WSN,6,13,27,0,0,0,127.0,149,82,21,58,94,0,feddeer01
Clayton Kershaw*,LAD,12,3,22,0,0,0,126.1,96,32,10,23,137,2,kershcl01
Hunter Greene,CIN,5,13,24,1,1,0,125.2,104,62,24,48,164,10,greenhu01
Dean Kremer,BAL,8,7,22,1,1,0,125.1,123,45,11,34,87,5,kremede01
Austin Gomber*,COL,5,7,33,0,0,0,124.2,137,77,20,34,95,2,gombeau01
Rich Hill*,BOS,8,7,26,0,0,0,124.1,125,59,15,37,109,4,hillri01
Lance Lynn,CHW,8,7,21,0,0,0,121.2,119,54,19,19,124,10,lynnla01
Zach Thompson,PIT,3,10,29,0,0,0,121.2,138,70,19,46,90,3,thompza01
Tyler Mahle,TOT,6,8,23,0,0,0,120.2,104,59,16,43,126,2,mahlety01
Sonny Gray,MIN,8,5,24,0,0,0,119.2,99,41,11,36,117,6,grayso01
Michael Kopech,CHW,5,9,25,0,0,0,119.1,85,47,15,57,105,3,kopecmi01
Justin Steele*,CHC,4,7,24,0,0,0,119.0,111,42,8,50,126,3,steelju01
Kyle Bradish,BAL,4,7,23,0,0,0,117.2,119,64,17,46,111,7,bradiky01
Tarik Skubal*,DET,7,8,21,0,0,0,117.2,104,46,9,32,117,1,skubata01
Bryse Wilson,PIT,3,9,25,0,0,0,115.2,132,71,20,32,79,9,wilsobr02
Keegan Thompson,CHC,10,5,29,0,0,1,115.0,103,48,16,43,108,9,thompke02
Mike Clevinger,SDP,7,7,23,0,0,0,114.1,102,55,20,35,91,10,clevimi01
Paolo Espino,WSN,0,9,42,1,0,0,113.1,131,61,24,24,92,2,espinpa01
Jakob Junis,SFG,5,7,23,0,0,0,112.0,120,55,13,25,98,4,junisja01
Ian Anderson,ATL,10,6,22,0,0,0,111.2,115,62,12,54,97,1,anderia01
Paul Blackburn,OAK,7,6,21,0,0,0,111.1,110,53,15,30,89,5,blackpa01
Nathan Eovaldi,BOS,6,3,20,2,1,0,109.1,115,47,21,20,103,1,eovalna01
Jose Suarez*,LAA,8,8,22,0,0,0,109.0,103,48,14,33,103,4,suarejo01
Andre Pallante,STL,6,5,47,0,0,0,108.0,113,38,9,40,73,1,pallaan01
Aaron Ashby*,MIL,2,10,27,0,0,1,107.1,106,53,15,47,126,6,ashbyaa01
Trevor Rogers*,MIA,4,11,23,0,0,0,107.0,116,65,15,45,106,5,rogertr01
Nick Martinez,SDP,4,4,47,0,0,8,106.1,96,41,15,41,95,4,martini01
Jake Odorizzi,TOT,6,6,22,0,0,0,106.1,106,52,14,35,86,3,odorija01
Drew Smyly*,CHC,7,8,22,0,0,0,106.1,101,41,16,26,91,5,smylydr01
David Peterson*,NYM,7,5,28,0,0,0,105.2,93,45,11,48,126,7,peterda01
Drew Hutchison,DET,3,9,28,0,0,0,105.1,114,53,15,42,68,2,hutchdr01
Spenser Watkins,BAL,5,6,23,0,0,0,105.1,119,55,11,30,63,4,watkisp01
Graham Ashcraft,CIN,5,6,19,0,0,0,105.0,119,57,11,30,71,8,ashcrgr01
Adrian Sampson,CHC,4,5,21,0,0,0,104.1,101,36,10,27,73,2,sampsad01
Jonathan Heasley,KCR,4,10,21,0,0,0,104.0,108,61,19,47,70,6,heasljo01
Tyler Wells,BAL,7,7,23,0,0,0,103.2,90,49,16,28,76,2,wellsty01
Nick Lodolo*,CIN,4,7,19,0,0,0,103.1,90,42,13,39,131,19,lodolni01
Chris Archer,MIN,2,8,25,0,0,0,102.2,87,52,12,48,84,3,archech01
Adrian Houser,MIL,6,10,22,0,0,0,102.2,103,54,8,47,69,2,housead01
Luis Severino,NYY,7,3,19,0,0,0,102.0,72,36,14,30,112,4,severlu01
Austin Voth,TOT,5,4,41,0,0,0,101.2,111,49,14,31,90,3,vothau01
Tyler Alexander*,DET,4,11,27,0,0,0,101.0,108,54,18,25,61,1,alexaty01
Yusei Kikuchi*,TOR,6,7,32,0,0,1,100.2,93,58,23,58,124,9,kikucyu01
Jesus Luzardo*,MIA,4,7,18,0,0,0,100.1,69,37,10,35,120,2,luzarje01
Taylor Hearn*,TEX,6,8,31,0,0,1,100.0,107,57,11,43,97,3,hearnta01
Mitch White,TOT,1,7,25,0,0,0,99.0,110,60,9,35,78,3,whitemi03
Mike Minor*,CIN,4,12,19,0,0,0,98.0,120,66,24,40,76,7,minormi01
Michael Lorenzen,LAA,8,6,18,0,0,0,97.2,81,46,11,44,85,4,lorenmi01
Ryan Feltner,COL,4,9,20,0,0,0,97.1,102,63,16,35,84,5,feltnry01
Aaron Civale,CLE,5,6,20,0,0,0,97.0,93,53,14,22,98,7,civalaa01
Jose Urena,TOT,3,8,21,0,0,0,97.0,109,54,11,43,63,1,urenajo01
Roansy Contreras,PIT,5,5,21,0,0,0,95.0,82,40,13,39,86,2,contrro01
Antonio Senzatela,COL,3,7,19,0,0,0,92.1,133,52,9,23,54,3,senzaan01
Eduardo Rodriguez*,DET,5,5,17,0,0,0,91.0,87,41,12,34,72,2,rodried05
Trevor Williams,NYM,3,5,30,0,0,1,89.2,87,32,12,23,84,4,willitr01
Braxton Garrett*,MIA,3,7,17,0,0,0,88.0,86,35,9,24,90,10,garrebr01
Erasmo Ramirez,WSN,4,2,60,0,0,0,86.1,79,28,11,14,61,6,ramirer02
Kyle Hendricks,CHC,4,6,16,0,0,0,84.1,85,45,15,24,66,3,hendrky01
Bailey Falter*,PHI,6,4,20,0,0,0,84.0,85,36,16,17,74,6,falteba01
Brock Burke*,TEX,7,5,52,0,0,0,82.1,63,18,9,24,90,2,burkebr01
Keegan Akin*,BAL,3,3,45,0,0,2,81.2,69,29,10,20,77,1,akinke01
Beau Brieske,DET,3,6,15,0,0,0,81.2,73,38,14,25,54,1,briesbe01
Luis Cessa,CIN,4,4,46,0,0,0,80.2,76,41,14,28,59,2,cessalu01
Ryan Yarbrough*,TBR,3,8,20,0,0,0,80.0,88,40,12,22,61,11,yarbrry01
Jaime Barria,LAA,3,3,35,0,0,0,79.1,63,23,11,19,54,3,barrija01
Garrett Whitlock,BOS,4,2,31,0,0,6,78.1,65,30,10,15,82,1,whitlga01
Freddy Peralta,MIL,4,4,18,0,0,0,78.0,54,31,6,27,86,3,peralfr01
Kutter Crawford,BOS,3,6,21,0,0,0,77.1,81,47,12,29,77,2,crawfku01
Wil Crowe,PIT,6,10,60,0,0,4,76.0,68,37,8,38,68,3,crowewi01
Zach Eflin,PHI,3,5,20,0,0,1,75.2,70,34,8,15,65,5,eflinza01
Tyler Rogers,SFG,3,4,68,0,0,0,75.2,73,30,3,23,49,5,rogerty01
Vince Velasquez,CHW,3,3,27,0,0,0,75.1,68,40,11,25,69,2,velasvi01
Scott Barlow,KCR,7,4,69,0,0,24,74.1,52,18,9,22,77,3,barlosc01
Adam Oller,OAK,2,8,19,0,0,0,74.1,82,52,17,39,46,2,ollerad01
Matt Moore*,TEX,5,2,63,0,0,5,74.0,49,16,3,38,83,1,moorema02
Dillon Tate,BAL,4,4,67,0,0,5,73.2,57,25,6,16,60,7,tatedi01
Bruce Zimmermann*,BAL,2,5,15,0,0,0,73.2,97,49,21,12,49,2,zimmebr02
Emmanuel Clase,CLE,3,4,77,0,0,42,72.2,43,11,3,10,77,1,claseem01
Andrew Heaney*,LAD,4,4,16,0,0,0,72.2,60,25,14,19,110,9,heanean01
Domingo German,NYY,2,5,15,0,0,0,72.1,65,29,11,19,58,4,germado01
Griffin Jax,MIN,7,4,65,0,0,1,72.1,56,27,7,20,78,3,jaxgr01
Jason Alexander,MIL,2,3,18,0,0,0,71.2,88,43,12,28,46,4,alexaja01
Edward Cabrera,MIA,6,4,14,0,0,0,71.2,44,24,10,33,75,9,cabreed02
Chase De Jong,PIT,6,3,42,0,0,1,71.2,52,21,10,30,59,5,dejonch01
Jorge Lopez,TOT,4,7,67,0,0,23,71.0,53,20,4,31,72,7,lopezjo02
Adam Cimber,TOR,10,6,77,0,0,4,70.2,66,22,6,13,58,8,cimbead01
Anthony Bass,TOT,4,3,73,0,0,0,70.1,51,12,6,20,73,0,bassan01
Devin Smeltzer*,MIN,5,2,15,0,0,0,70.1,67,29,13,19,40,1,smeltde01
Josh Winckowski,BOS,5,7,15,0,0,0,70.1,85,46,10,27,44,2,winckjo01
MacKenzie Gore*,SDP,4,4,16,0,0,0,70.0,66,35,7,37,72,4,gorema01
A.J. Minter*,ATL,5,4,75,0,0,5,70.0,49,16,5,15,94,3,minteaj01
JP Sears*,TOT,6,3,17,0,0,0,70.0,67,30,8,23,51,2,searsjp01
Caleb Smith*,ARI,1,3,44,0,0,0,70.0,57,32,14,39,65,1,smithca03
Bryan Baker,BAL,4,3,66,0,0,1,69.2,60,27,3,26,76,3,bakerbr01
Jesse Chavez,TOT,4,3,60,0,0,0,69.1,71,29,8,20,74,1,chaveje01
Collin McHugh,ATL,3,2,58,0,0,0,69.1,51,20,5,14,75,5,mchugco01
Penn Murfee,SEA,4,0,64,0,0,0,69.1,48,23,7,18,76,2,murfepe01
Anibal Sanchez,WSN,4,6,14,0,0,0,69.1,55,33,13,33,48,4,sanchan01
Jimmy Herget,LAA,2,1,49,0,0,9,69.0,48,19,4,15,63,3,hergeji01
Nick Nelson,PHI,3,2,47,0,0,1,68.2,66,37,1,36,69,4,nelsoni01
Rafael Montero,HOU,5,2,71,0,0,14,68.1,47,18,3,23,73,2,montera01
John Brebbia,SFG,6,2,76,0,0,0,68.0,71,24,5,18,54,1,brebbjo01
Dylan Coleman,KCR,5,2,68,0,0,0,68.0,47,21,5,37,71,6,colemdy01
Domingo Acevedo,OAK,4,4,70,0,0,4,67.2,50,25,9,17,58,3,acevedo01
Camilo Doval,SFG,6,6,68,0,0,27,67.2,54,19,4,30,80,3,dovalca01
Jhoan Duran,MIN,2,4,57,0,0,8,67.2,50,14,6,16,89,4,duranjh01
Mark Leiter Jr.,CHC,2,7,35,0,0,3,67.2,52,30,10,25,73,7,leitema02
Nabil Crismatt,SDP,5,2,50,0,0,0,67.1,57,22,5,22,65,2,crismna01
Josh Winder,MIN,4,6,15,0,0,0,67.0,69,35,11,18,47,5,windejo01
Kyle Finnegan,WSN,6,4,66,0,0,11,66.2,54,26,9,22,70,0,finneky01
Eli Morgan,CLE,5,3,50,0,0,0,66.2,46,25,10,13,72,2,morgael01
Brent Suter*,MIL,5,3,54,0,0,0,66.2,58,28,9,22,53,3,suterbr01
Steve Cishek,WSN,1,4,69,0,0,1,66.1,54,31,11,27,74,13,cishest01
A.J. Puk*,OAK,4,3,62,0,0,4,66.1,53,23,7,23,76,10,pukaj01
Félix Bautista,BAL,4,4,65,0,0,15,65.2,38,16,7,23,88,1,bautife01
Phil Maton,HOU,0,2,67,0,0,0,65.2,58,28,10,24,73,8,matonph01
Adam Ottavino,NYM,6,3,66,0,0,3,65.2,48,15,6,16,79,5,ottavad01
Reynaldo Lopez,CHW,6,4,61,0,0,0,65.1,51,20,1,11,63,1,lopezre01
Hector Neris,HOU,6,4,70,0,0,3,65.1,49,27,3,17,79,6,nerishe01
Walker Buehler,LAD,6,3,12,1,1,0,65.0,67,29,8,17,58,2,buehlwa01
Jarlin Garcia*,SFG,1,4,58,0,0,1,65.0,60,27,10,18,56,1,garcija04
Kendall Graveman,CHW,3,4,65,0,0,6,65.0,65,23,5,26,66,3,graveke01
Seth Lugo,NYM,3,2,62,0,0,3,65.0,58,26,9,18,69,3,lugose01
Andres Munoz,SEA,2,5,64,0,0,4,65.0,43,18,5,15,96,4,munozan01
John Schreiber,BOS,4,4,64,0,0,8,65.0,45,16,3,19,74,4,schrejo01
Joan Adon,WSN,1,12,14,0,0,0,64.2,76,51,8,39,55,6,adonjo01
Ryan Helsley,STL,9,1,54,0,0,19,64.2,28,9,6,20,94,0,helslry01
Hoby Milner*,MIL,3,3,67,0,0,0,64.2,61,27,5,15,64,7,milneho01
Jacob deGrom,NYM,5,4,11,0,0,0,64.1,40,22,9,8,102,0,degroja01
Taylor Rogers*,TOT,4,8,66,0,0,31,64.1,57,34,7,19,84,11,rogerta01
Brad Boxberger,MIL,4,3,70,0,0,1,64.0,52,21,6,27,68,2,boxbebr01
Kenley Jansen,ATL,5,2,65,0,0,41,64.0,45,24,8,22,85,2,janseke01
Trevor Richards,TOR,3,2,62,0,0,0,64.0,57,38,9,35,82,1,richatr01
Jordan Romano,TOR,5,4,63,0,0,36,64.0,44,15,4,21,73,4,romanjo03
Paul Sewald,SEA,5,4,65,0,0,20,64.0,32,19,10,17,72,4,sewalpa01
Rowan Wick,CHC,4,7,64,0,0,9,64.0,79,30,9,29,69,1,wickro01
Alexis Diaz,CIN,7,3,59,0,0,10,63.2,28,13,5,33,83,5,diazal03
Michael Fulmer,TOT,5,6,67,0,0,3,63.2,59,24,4,28,61,5,fulmemi01
Clay Holmes,NYY,7,4,62,0,0,20,63.2,45,18,2,20,65,9,holmecl01
David Phelps,TOR,0,2,65,0,0,1,63.2,52,20,2,31,64,4,phelpda01
David Robertson,TOT,4,3,58,0,0,20,63.2,39,17,6,35,81,3,roberda08
Trevor Stephan,CLE,6,5,66,0,0,3,63.2,57,19,3,18,82,4,stephtr01
Jason Adam,TBR,2,3,67,0,0,8,63.1,31,11,5,17,75,6,adamja01
Alex Lange,DET,7,4,71,0,0,0,63.1,47,24,5,31,82,5,langeal01
Davis Martin,CHW,3,6,14,0,0,0,63.1,63,34,8,19,48,3,martida03
Chris Stratton,TOT,10,4,60,0,0,2,63.1,72,30,4,25,60,2,stratch01
Matt Manning,DET,2,3,12,0,0,0,63.0,55,24,6,19,48,1,mannima02
Emilio Pagan,MIN,4,6,59,0,0,9,63.0,60,31,12,26,84,1,paganem01
Evan Phillips,LAD,7,3,64,0,0,2,63.0,33,8,2,15,77,3,phillev01
Will Vest,DET,3,3,59,0,0,1,63.0,62,28,6,22,63,3,vestwi01
Tanner Scott*,MIA,4,5,67,0,0,20,62.2,55,30,5,46,90,4,scottta01
Ryan Brasier,BOS,0,3,68,0,0,1,62.1,68,40,9,13,64,1,brasiry01
Elieser Hernandez,MIA,3,6,20,0,0,0,62.1,67,44,19,22,60,4,hernael01
Hunter Strickland,CIN,3,3,66,0,0,7,62.1,61,34,8,33,60,7,strichu01
Edwin Díaz,NYM,3,1,61,0,0,32,62.0,34,9,3,18,118,2,diazed04
Carl Edwards Jr.,WSN,6,3,57,0,0,2,62.0,51,19,8,25,56,1,edwarca01
Sam Hentges*,CLE,3,2,57,0,0,1,62.0,41,16,3,19,72,3,hentgsa01
Raisel Iglesias,TOT,2,6,67,0,0,17,62.0,46,17,5,14,78,3,iglesra01
Shawn Armstrong,TOT,2,3,50,0,0,2,61.2,66,30,7,17,66,4,armstsh01
Tyler Beede,TOT,2,5,31,0,0,0,61.1,71,35,7,29,39,5,beedety01
Mychal Givens,TOT,7,3,59,0,0,2,61.1,56,23,8,25,71,5,givenmy01
Jordan Hicks,STL,3,6,35,0,0,0,61.1,46,33,5,35,63,7,hicksjo03
Jalen Beeks*,TBR,2,3,42,0,0,2,61.0,49,19,7,22,70,2,beeksja02
Phil Bickford,LAD,2,1,60,0,0,0,61.0,53,32,12,14,67,2,bickfph01
Luis Garcia,SDP,4,6,64,0,0,3,61.0,57,23,3,17,68,5,garcilu03
Yimi Garcia,TOR,4,5,61,0,0,1,61.0,48,21,6,16,58,4,garciyi01
Dallas Keuchel*,TOT,2,9,14,0,0,0,60.2,94,62,11,31,45,0,keuchda01
Jose Ruiz,CHW,1,0,63,0,0,0,60.2,53,31,9,33,68,0,ruizjo01
Devin Williams,MIL,6,4,65,0,0,15,60.2,31,13,2,30,96,3,willide03
Bryan Abreu,HOU,4,0,55,0,0,2,60.1,45,13,2,26,88,4,abreubr01
Daniel Bard,COL,6,4,57,0,0,34,60.1,35,12,3,25,69,3,bardda01
Jason Foley,DET,1,0,60,0,0,0,60.1,72,26,2,11,43,2,foleyja01
Garrett Hill,DET,3,3,17,0,0,0,60.1,53,27,8,29,40,4,hillga02
Gregory Soto*,DET,2,11,64,0,0,30,60.1,49,22,2,34,60,7,sotogr01
Tanner Houck,BOS,5,4,32,0,0,8,60.0,49,21,3,22,56,6,houckta01
Craig Kimbrel,LAD,6,7,63,0,0,22,60.0,51,25,4,28,72,5,kimbrcr01
Joe Mantiply*,ARI,2,5,69,0,0,2,60.0,59,19,6,6,61,3,mantijo01
Aaron Sanchez,TOT,3,4,15,0,0,0,60.0,78,44,8,15,41,5,sanchaa01
Matt Bush,TOT,2,3,65,0,0,3,59.2,43,23,11,18,74,3,bushma01
Andres Machado,WSN,2,0,51,0,0,0,59.1,55,22,7,26,46,2,machaan02
Caleb Thielbar*,MIN,4,3,67,0,0,1,59.1,51,23,5,18,80,0,thielca01
Giovanny Gallegos,STL,3,6,57,0,0,14,59.0,42,20,6,18,73,0,gallegi01
Will Smith*,TOT,0,3,65,0,0,5,59.0,58,26,9,25,65,2,smithwi04
Aaron Loup*,LAA,0,5,65,0,0,1,58.2,54,25,4,22,52,8,loupaa01
Daniel Norris*,TOT,2,4,41,0,0,0,58.2,45,34,11,29,66,7,norrida01
Colin Poche*,TBR,4,2,65,0,0,7,58.2,46,26,11,22,64,1,pocheco01
Dennis Santana,TEX,3,8,63,0,0,1,58.2,50,34,2,28,54,4,santade01
Bryan Shaw,CLE,6,2,60,0,0,1,58.1,58,35,9,26,52,4,shawbr01
Joel Kuhnel,CIN,2,3,53,0,0,1,58.0,67,41,8,14,56,5,kuhnejo01
Konnor Pilkington*,CLE,1,2,15,0,0,0,58.0,53,25,6,32,50,2,pilkiko01
Robert Stephenson,TOT,2,2,58,0,0,0,58.0,63,35,10,14,55,1,stephro01
Jake Diekman*,TOT,5,4,70,0,0,1,57.2,52,32,9,42,79,8,diekmja01
Liam Hendriks,CHW,4,4,58,0,0,37,57.2,44,18,7,16,85,2,hendrli01
Brandon Hughes*,CHC,2,3,57,0,0,8,57.2,42,20,11,21,68,6,hughebr01
Joey Krehbiel,BAL,5,5,56,0,0,1,57.2,53,25,9,18,45,3,krehbjo01
Adrian Martinez,OAK,4,6,12,0,0,0,57.2,69,40,13,19,53,3,martiad01
Cionel Pérez*,BAL,7,1,66,0,0,1,57.2,46,9,2,21,55,1,perezci01
Clarke Schmidt,NYY,5,5,29,0,0,2,57.2,46,20,5,23,56,2,schmicl01
Brayan Bello,BOS,2,8,13,1,0,0,57.1,75,30,1,27,55,2,bellobr01
Andrew Chafin*,DET,2,3,64,0,0,3,57.1,48,18,5,19,67,3,chafian01
Lucas Luetge*,NYY,4,4,50,0,0,2,57.1,63,17,4,17,60,4,luetglu01
Ryan Tepera,LAA,5,4,59,0,0,6,57.1,42,23,7,20,47,2,teperry01
Duane Underwood Jr.,PIT,1,6,51,0,0,1,57.1,58,28,1,25,57,5,underdu01
Carlos Estevez,COL,4,4,62,0,0,2,57.0,44,22,7,23,54,1,estevca01
Zach Logue*,OAK,3,8,14,0,0,0,57.0,68,43,13,20,42,2,logueza01
Reiver Sanmartin*,CIN,4,4,45,0,0,0,57.0,66,40,8,29,47,0,sanmare01
Scott Effross,TOT,1,4,60,0,0,4,56.2,45,16,3,15,62,1,effrosc01
Joe Jimenez,DET,3,2,62,0,0,2,56.2,49,22,4,13,77,0,jimenjo02
Wandy Peralta*,NYY,3,4,56,0,0,4,56.1,42,17,2,17,47,1,peralwa01
Austin Davis*,TOT,2,1,52,0,0,0,56.0,57,36,5,33,64,5,davisau01
Carlos Hernandez,KCR,0,5,27,0,0,0,56.0,72,46,7,31,35,1,hernaca04
Chris Martin,TOT,4,1,60,0,0,2,56.0,50,19,6,5,74,1,martich02
Mark Melancon,ARI,3,10,62,0,0,18,56.0,63,29,5,21,35,1,melanma01
Bailey Ober,MIN,2,3,11,0,0,0,56.0,48,20,4,11,51,2,oberba01
Johan Oviedo,TOT,4,3,21,0,0,0,56.0,49,20,5,23,54,3,oviedjo01
Joel Payamps,TOT,3,6,41,0,0,0,55.2,60,20,7,16,41,2,payamjo01
Austin Pruitt,OAK,0,1,39,0,0,1,55.1,48,26,11,9,38,1,pruitau01
Michael Rucker,CHC,3,1,41,0,0,0,54.2,50,24,8,20,50,0,ruckemi01
Ryne Stanek,HOU,2,1,59,0,0,1,54.2,36,7,2,31,62,0,stanery01
Andrew Bellatti,PHI,4,4,59,0,0,2,54.1,47,20,5,25,78,1,bellaan01
Diego Castillo,SEA,7,3,59,0,0,7,54.1,40,22,5,22,53,2,castidi01
Alex Vesia*,LAD,5,0,63,0,0,1,54.1,37,13,2,24,79,2,vesiaal01
Bryce Elder,ATL,2,4,10,1,1,0,54.0,44,19,4,23,47,3,elderbr01
Matthew Festa,SEA,2,0,53,0,0,2,54.0,43,25,10,18,64,2,festama01
Alex Faedo,DET,1,5,12,0,0,0,53.2,63,33,7,25,44,1,faedoal01
Dylan Floro,MIA,1,3,56,0,0,10,53.2,48,18,4,15,48,0,florody01
Brooks Raley*,TBR,1,2,60,0,0,6,53.2,37,16,3,15,61,6,raleybr01
Jackson Stephens,ATL,3,3,39,0,0,2,53.2,49,22,3,23,47,3,stephja01
Erik Swanson,SEA,3,2,57,0,0,3,53.2,39,10,3,10,70,1,swanser01
Lou Trivino,TOT,2,8,64,0,0,11,53.2,64,27,6,24,67,4,trivilo01
Enyel De Los Santos,CLE,5,0,50,0,0,1,53.1,40,18,3,17,61,2,delosen01
Tanner Banks*,CHW,2,0,35,0,0,0,53.0,42,18,5,18,49,1,banksta01
Steven Wilson,SDP,4,2,50,0,0,1,53.0,36,18,7,20,53,3,wilsost02
Tucker Davidson*,TOT,2,7,12,0,0,0,52.0,54,39,7,35,33,3,davidtu01
David Bednar,PIT,3,4,45,0,0,19,51.2,42,15,4,16,69,1,bednada01
John King*,TEX,1,4,39,0,0,0,51.1,61,23,5,14,30,1,kingjo01
Steven Okert*,MIA,5,5,60,0,0,0,51.1,34,17,7,26,63,7,okertst01
Jose Alvarado*,PHI,4,2,59,0,0,2,51.0,38,18,2,24,81,1,alvarjo03
Seranthony Dominguez,PHI,6,5,54,0,0,9,51.0,36,17,4,22,61,1,dominse01
Rony Garcia,DET,3,3,16,0,0,0,51.0,40,25,9,13,48,4,garciro03
Michael King,NYY,6,3,34,0,0,1,51.0,35,13,3,16,66,0,kingmi01
Richard Bleier*,MIA,2,2,55,0,0,1,50.2,63,20,3,10,32,1,bleieri01
Matt Brash,SEA,4,4,39,0,0,0,50.2,46,25,3,33,62,2,brashma01
Dylan Lee*,ATL,5,1,46,0,0,0,50.2,40,12,5,10,59,0,leedy01
Mike Mayers,LAA,1,1,24,0,0,0,50.2,52,32,15,18,45,2,mayermi01
Hirokazu Sawamura,BOS,1,1,49,0,0,0,50.2,45,21,4,27,40,0,sawamhi01
Ian Kennedy,ARI,4,7,57,0,0,10,50.1,57,30,11,22,44,1,kenneia01
Joely Rodriguez*,NYM,2,4,55,0,0,0,50.1,42,25,3,26,57,1,rodrijo06
Andrew Wantz,LAA,2,1,42,0,0,0,50.1,37,18,8,21,52,2,wantzan01
Josh Hader*,TOT,2,5,56,0,0,36,50.0,43,29,8,21,81,4,haderjo01
Brett Martin*,TEX,1,7,55,0,0,3,50.0,50,23,4,18,40,0,martibr01
Noe Ramirez,ARI,5,4,55,0,0,0,50.0,45,29,9,26,51,3,ramirno01
Brusdar Graterol,LAD,2,4,46,0,0,4,49.2,39,18,3,10,43,3,gratebr01
Dominic Leone,SFG,4,5,55,0,0,3,49.1,55,22,6,24,52,0,leonedo01
Taylor Clarke,KCR,3,1,47,0,0,3,49.0,50,22,6,8,48,1,clarkta01
Tim Mayza*,TOR,8,1,63,0,0,2,48.2,42,17,7,12,44,1,mayzati01
Ryan Pressly,HOU,3,3,50,0,0,33,48.1,30,16,4,13,65,0,pressry01
Jake Woodford,STL,4,0,27,0,0,0,48.1,43,12,1,11,24,1,woodfja01
Cory Abbott,WSN,0,5,16,0,0,0,48.0,44,28,12,25,45,5,abbotco01
Tim Hill*,SDP,3,0,55,0,0,0,48.0,45,19,1,14,25,4,hillti01
Zach Jackson,OAK,2,3,54,0,0,3,48.0,28,16,1,33,67,2,jacksza02
Jonathan Loaisiga,NYY,2,3,50,0,0,2,48.0,43,22,3,19,37,0,loaisjo01
Yunior Marte,SFG,1,1,39,0,0,0,48.0,47,29,5,22,44,6,marteyu01
Steven Matz*,STL,5,3,15,0,0,0,48.0,50,28,8,10,54,2,matzst01
Jake Bird,COL,2,4,38,0,0,0,47.2,45,26,7,23,42,4,birdja01
Jose Leclerc,TEX,0,3,39,0,0,7,47.2,33,15,5,21,54,3,leclejo01
Lance McCullers Jr.,HOU,4,2,8,0,0,0,47.2,37,12,4,22,50,0,mcculla02
Robert Suarez,SDP,5,1,45,0,0,1,47.2,29,12,4,21,61,4,suarero01
Jhoulys Chacin,COL,4,2,35,0,0,0,47.1,55,40,7,21,37,2,chacijh01
Tylor Megill,NYM,4,2,15,0,0,0,47.1,46,27,7,13,51,1,megilty01
Alex Colome,COL,2,7,53,0,0,4,47.0,57,30,5,22,32,0,colomal01
Buck Farmer,CIN,2,2,44,0,0,2,47.0,36,20,2,25,54,1,farmebu01
Tommy Henry*,ARI,3,4,9,0,0,0,47.0,47,28,10,21,36,3,henryto01
Jimmy Lambert,CHW,1,2,42,0,0,0,47.0,40,17,4,24,45,1,lambeji01
Michael Pineda,DET,2,7,11,0,0,0,46.2,58,30,13,8,26,0,pinedmi01
Drew Smith,NYM,3,3,44,0,0,0,46.0,38,17,9,15,53,0,smithdr01
Trent Thornton,TOR,0,2,32,0,0,0,46.0,40,21,7,17,37,1,thorntr01
Trevor Gott,MIL,3,4,45,0,0,0,45.2,35,21,8,12,44,3,gotttr01
Amir Garrett*,KCR,3,1,60,0,0,0,45.1,28,25,0,32,49,5,garream01
Matt Foster,CHW,1,2,48,0,0,1,45.0,43,22,6,17,42,0,fostema01
Brad Hand*,PHI,3,2,55,0,0,5,45.0,37,14,2,23,38,6,handbr01
Trevor Megill,MIN,4,3,39,0,0,0,45.0,50,24,4,17,49,1,megiltr01
Genesis Cabrera*,STL,4,2,39,0,0,1,44.2,39,23,8,20,32,4,cabrege01
Jeff Hoffman,CIN,2,0,35,0,0,0,44.2,40,19,5,23,45,3,hoffmje02
Corey Knebel,PHI,3,5,46,0,0,12,44.2,33,17,4,28,41,2,knebeco01
Kirby Snead*,OAK,1,1,46,0,0,1,44.2,56,29,5,22,35,2,sneadki01
Matt Strahm*,BOS,4,4,50,0,0,4,44.2,38,19,5,17,52,5,strahma01
Ty Blach*,COL,1,0,24,0,0,1,44.1,51,29,4,11,29,2,blachty01
Humberto Castellanos,ARI,3,2,11,0,0,0,44.1,50,28,7,12,32,4,castehu01
Jeurys Familia,TOT,2,3,48,0,0,0,44.1,58,30,7,22,41,2,familje01
Zack Littell,SFG,3,3,39,0,0,1,44.1,48,25,8,13,39,1,litteza01
Connor Brogdon,PHI,2,2,47,0,0,2,44.0,44,16,6,11,50,1,brogdco01
Tyler Duffey,MIN,2,4,40,0,0,2,44.0,45,24,8,15,39,1,duffety01
Ron Marinaccio,NYY,1,0,40,0,0,0,44.0,22,10,2,24,56,6,marinro01
Nick Sandlin,CLE,5,2,46,0,0,0,44.0,27,11,2,24,41,3,sandlni01
Matt Wisler,TBR,3,3,39,0,0,1,44.0,30,11,6,14,35,0,wislema01
Tyler Matzek*,ATL,4,2,42,0,0,1,43.2,26,17,3,29,36,2,matzety01
Tommy Nance,MIA,2,3,35,0,0,0,43.2,45,21,5,21,57,4,nanceto01
Sam Moll*,OAK,2,1,53,0,0,0,43.1,33,14,5,22,46,3,mollsa01
Jharel Cotton,TOT,4,2,30,0,0,0,43.0,34,17,7,20,39,2,cottojh01
Lucas Gilbreath*,COL,2,0,47,0,0,0,43.0,37,20,2,26,49,4,gilbrlu01
Justin Lawrence,COL,3,1,38,0,0,1,42.2,44,27,3,22,48,1,lawreju01
Garrett Richards,TEX,1,1,32,0,0,1,42.2,44,25,3,13,36,3,richaga01
Ryan Thompson,TBR,3,3,47,0,0,3,42.2,39,18,4,11,39,2,thompry02
Sam Long*,SFG,1,3,28,0,0,1,42.1,39,17,8,14,33,1,longsa01
Victor Arano,WSN,1,1,43,0,0,1,42.0,47,21,5,12,44,4,aranovi01
Manny Banuelos*,TOT,2,1,35,0,0,1,41.0,32,20,2,21,42,3,banuema01
Jovani Moran*,MIN,0,1,31,0,0,1,40.2,25,10,0,18,54,0,moranjo01
Jose Quijada*,LAA,0,5,42,0,0,3,40.2,25,18,5,21,52,2,quijajo01
Craig Stammen,SDP,1,2,33,0,0,0,40.2,45,20,9,10,35,2,stammcr01
Tyler Danish,BOS,3,1,32,0,0,0,40.1,40,23,7,12,32,4,danisty01
David Price*,LAD,2,0,40,0,0,2,40.1,38,11,6,9,37,0,priceda01
Cole Ragans*,TEX,0,3,9,0,0,0,40.0,43,22,6,16,27,0,raganco01
Cristopher Sanchez*,PHI,2,2,15,0,0,1,40.0,38,25,5,17,35,4,sanchcr01
Matt Barnes,BOS,0,4,44,0,0,8,39.2,36,19,2,21,34,3,barnema01
Jordan Weems,WSN,0,1,32,0,0,0,39.2,35,23,7,12,41,0,weemsjo01
Max Castillo,TOT,0,2,14,0,0,0,39.1,38,26,8,15,37,2,castima03
Hunter Harvey,WSN,2,1,38,0,0,0,39.1,33,11,1,12,45,0,harvehu01
Daulton Jefferies,OAK,1,7,8,0,0,0,39.1,46,25,4,8,28,2,jeffeda01
Jared Koenig*,OAK,1,3,10,0,0,0,39.1,40,25,4,15,22,5,koenija01
Dillon Peters*,PIT,5,2,22,0,0,0,39.1,35,20,5,17,26,0,peterdi01
James Karinchak,CLE,2,0,38,0,0,3,39.0,22,9,2,21,62,1,karinja01
Zach Pop,TOT,4,0,35,0,0,0,39.0,41,12,2,4,25,2,popza01
Albert Abreu,TOT,2,2,33,0,0,0,38.2,35,14,5,22,38,3,abreual01
Seth Martinez,HOU,1,1,29,0,0,0,38.2,26,9,3,14,38,1,martise01
Dauri Moreta,CIN,0,2,35,0,0,1,38.1,32,23,10,13,39,4,moretda01
Wily Peralta,DET,2,0,28,0,0,0,38.1,34,11,2,24,32,1,peralwi01
Javier Assad,CHC,2,2,9,0,0,0,37.2,35,13,4,20,30,0,assadja01
Jose Cuas,KCR,4,2,47,0,0,1,37.2,39,15,2,24,34,6,cuasjo01
Spencer Howard,TEX,2,4,10,0,0,0,37.2,50,31,12,15,32,1,howarsp01
Kirk McCarty*,CLE,4,3,13,0,0,0,37.2,37,19,11,13,26,1,mccarki01
Reyes Moronta,TOT,2,2,39,0,0,2,37.2,30,18,5,18,38,2,moronre01
Josh Staumont,KCR,3,3,42,0,0,3,37.2,37,27,3,29,43,1,staumjo01
Yohan Ramirez,TOT,4,1,30,0,0,1,37.1,32,19,4,20,32,6,ramiryo01
Joe Kelly,CHW,1,3,43,0,0,1,37.0,36,25,2,23,53,3,kellyjo05
Jake McGee*,TOT,1,3,42,0,0,3,37.0,41,28,6,12,25,0,mcgeeja01
Wade Miley*,CHC,2,2,9,0,0,0,37.0,31,13,3,14,28,2,mileywa01
Kyle Nelson*,ARI,2,1,43,0,0,0,37.0,26,9,1,14,30,3,nelsoky01
Vladimir Gutiérrez,CIN,1,6,10,0,0,0,36.2,46,31,8,24,29,6,gutievl01
Aroldis Chapman*,NYY,4,4,43,0,0,9,36.1,24,18,4,28,43,1,chapmar01
Ryan Pepiot,LAD,3,0,9,0,0,0,36.1,26,14,6,27,42,3,pepiory01
Jack Flaherty,STL,2,1,9,0,0,0,36.0,36,17,4,22,33,5,flaheja01
Ian Gibaut,TOT,1,2,34,0,0,1,36.0,39,18,3,18,48,1,gibauia01
Art Warren,CIN,2,3,39,0,0,3,36.0,37,26,6,22,40,2,warrear01
Daniel Castano*,MIA,1,3,10,0,0,0,35.2,42,16,5,9,20,2,castada01
Luke Weaver,TOT,1,1,26,0,0,0,35.2,52,26,1,13,38,3,weavelu01
Yency Almonte,LAD,0,0,33,0,0,1,35.1,18,4,2,10,33,4,almonye01
Joe Barlow,TEX,3,1,35,0,0,13,35.0,27,15,5,13,28,4,barlojo01
Josh Fleming*,TBR,2,5,10,0,0,0,35.0,54,25,5,12,29,1,flemijo01
Ralph Garza,TBR,2,2,19,0,0,0,35.0,38,13,4,16,17,2,garzara01
Peter Strzelecki,MIL,2,1,30,0,0,1,35.0,28,11,2,15,40,1,strzepe01
Caleb Ferguson*,LAD,1,0,37,0,0,0,34.2,23,7,1,17,37,2,ferguca01
Matthew Liberatore*,STL,2,2,9,0,0,0,34.2,42,23,5,18,28,1,liberma01
Zack Thompson*,STL,1,1,22,0,0,1,34.2,20,8,3,14,27,0,thompza02
Ken Waldichuk*,OAK,2,2,7,0,0,0,34.2,32,19,5,10,33,4,waldike01
Mike Baumann,BAL,1,3,13,0,0,0,34.1,43,18,3,9,23,2,baumami01
Tyler Gilbert*,ARI,0,3,8,0,0,0,34.1,33,20,8,10,20,1,gilbety01
Dany Jimenez,OAK,3,4,34,0,0,11,34.1,23,13,2,18,34,0,jimenda01
Collin Snider,KCR,4,2,42,0,0,0,34.1,40,25,3,15,22,2,snideco01
Adrián Morejón*,SDP,5,1,26,0,0,0,34.0,31,16,4,9,28,1,morejad01
Oliver Ortega,LAA,1,3,27,0,0,1,34.0,32,14,5,18,33,1,ortegol01
Cole Sulser,MIA,1,4,39,0,0,2,34.0,39,20,6,16,38,0,sulseco01
Matt Swarmer,CHC,2,3,11,0,0,0,34.0,33,19,12,20,36,0,swarmma01
Connor Overton,CIN,1,0,6,0,0,0,33.0,21,10,1,11,14,0,overtco01
Hayden Wesneski,CHC,3,2,6,0,0,0,33.0,24,8,3,7,33,3,wesneha01
T.J. McFarland*,STL,0,0,28,0,0,0,32.2,42,24,5,11,16,2,mcfartj01
Joey Wentz*,DET,2,2,7,0,0,0,32.2,23,11,2,13,27,1,wentzjo01
Dinelson Lamet,TOT,1,2,32,0,0,0,32.1,30,22,4,19,45,4,lametdi01
Huascar Brazoban,MIA,1,1,27,0,0,0,32.0,26,11,3,21,40,2,brazohu01
Packy Naughton*,STL,0,2,26,0,0,1,32.0,39,17,3,7,31,1,naughpa01
Justin Dunn,CIN,1,3,7,0,0,0,31.0,32,21,11,17,21,3,dunnju01
Cole Sands,MIN,0,3,11,0,0,1,30.2,35,20,4,13,28,5,sandsco01
Jonathan Hernandez,TEX,2,3,29,0,0,4,30.1,26,10,2,17,27,1,hernajo02
Dustin May,LAD,2,3,6,0,0,0,30.0,21,15,3,14,29,5,maydu01
Tanner Rainey,WSN,1,3,29,0,0,12,30.0,26,11,5,13,36,0,raineta01
Elvin Rodriguez,DET,0,4,7,0,0,0,29.2,42,35,12,15,25,1,rodriel02
Kevin Ginkel,ARI,1,1,30,0,0,1,29.1,27,11,1,11,30,1,ginkeke01
Michael Grove,LAD,1,0,7,0,0,0,29.1,32,15,6,10,24,0,grovemi01
Wyatt Mills,TOT,0,1,27,0,0,0,29.1,26,15,1,13,26,5,millswy01
Miguel Castro,NYY,5,0,34,0,0,0,29.0,27,13,2,15,31,4,castrmi01
Anthony Misiewicz*,TOT,1,2,32,0,0,0,29.0,27,14,4,10,27,0,misiean01
J.B. Wendelken,ARI,2,1,29,0,0,0,29.0,25,17,4,14,21,1,wendejb01
Nick Wittgren,STL,1,0,29,0,0,1,29.0,35,19,1,10,17,4,wittgni01
Louis Head,TOT,0,0,28,0,0,1,28.2,32,20,4,15,26,5,headlo01
Sean Poppen,ARI,2,2,29,0,0,0,28.2,27,14,5,12,22,1,poppese01
Chase Silseth,LAA,1,3,7,0,0,0,28.2,33,21,7,12,24,1,silsech01
Colin Holderman,TOT,5,0,24,0,0,0,28.1,20,12,0,14,24,4,holdeco01
Kaleb Ort,BOS,1,2,25,0,0,1,28.1,35,20,4,15,27,2,ortka01
Jandel Gustave,MIL,2,0,27,0,0,0,28.0,25,12,4,11,27,2,gustaja01
Cody Poteet,MIA,0,1,12,0,0,0,28.0,23,12,4,11,21,0,poteeco01
Sean Newcomb*,TOT,2,1,20,0,0,0,27.2,33,27,8,19,28,0,newcose01
Joe Smith,MIN,1,1,34,0,0,0,27.1,33,14,7,9,17,1,smithjo05
Shane Baz,TBR,1,2,6,0,0,0,27.0,27,15,5,9,30,1,bazsh01
Hyun Jin Ryu*,TOR,2,0,6,0,0,0,27.0,32,17,5,4,16,0,ryuhy01
Erich Uelmen,CHC,2,1,25,0,0,1,27.0,25,14,3,12,21,6,uelmeer01
Anthony Banda*,TOT,1,1,32,0,0,0,26.2,43,20,4,13,30,2,bandaan01
Aaron Bummer*,CHW,2,1,32,0,0,2,26.2,30,7,2,10,30,2,bummeaa01
Julian Merryweather,TOR,0,3,26,0,0,0,26.2,31,20,4,7,23,2,merryju01
Alex Young*,TOT,1,1,25,0,0,0,26.2,29,7,0,11,21,1,youngal01
Ross Detwiler*,CIN,0,2,30,0,0,1,26.1,31,13,5,10,28,3,detwiro01
Josh Rogers*,WSN,2,2,16,0,0,0,26.1,24,15,6,11,12,0,rogerjo01
Chasen Shreve*,NYM,1,1,25,0,0,0,26.1,27,19,6,10,29,0,shrevch01
Nick Vespi*,BAL,5,0,25,0,0,1,26.1,29,12,5,8,28,1,vespini01
Louie Varland,MIN,1,2,5,0,0,0,26.0,26,11,4,6,21,1,varlalo01
Yerry De Los Santos,PIT,0,3,26,0,0,3,25.2,22,14,3,11,26,1,delosye01
Ryan Borucki*,TOT,2,0,32,0,0,0,25.1,24,16,6,11,21,2,borucry01
Touki Toussaint,LAA,1,1,8,0,0,0,25.1,15,13,2,19,26,4,toussto01
Jose Cisnero,DET,1,0,28,0,0,0,25.0,15,3,0,19,23,1,cisnejo01
Sean Hjelle,SFG,1,2,8,0,0,0,25.0,33,16,3,8,28,1,hjellse01
Trevor May,NYM,2,0,26,0,0,1,25.0,27,14,4,9,30,0,maytr01
Hansel Robles,BOS,1,3,26,0,0,2,24.2,25,16,5,14,21,0,robleha01
Mason Thompson,WSN,1,1,24,0,0,1,24.2,19,8,2,9,15,1,thompma02
J.P. Feyereisen,TBR,4,0,22,0,0,1,24.1,7,0,0,5,25,0,feyerjo01
Daniel Hudson,LAD,2,3,25,0,0,5,24.1,17,6,1,5,30,2,hudsoda01
Drey Jameson,ARI,3,0,4,0,0,0,24.1,20,4,2,7,24,1,jamesdr01
Miguel Yajure,PIT,1,1,12,0,0,1,24.1,31,24,3,16,16,2,yajurmi01
Chase Anderson,CIN,2,4,9,0,0,0,24.0,17,17,3,15,23,3,anderch01
Jeff Brigham,MIA,0,1,16,0,0,1,24.0,22,9,3,10,28,0,brighje01
Pete Fairbanks,TBR,0,0,24,0,0,8,24.0,13,3,1,3,38,0,fairbpe01
Tyler Kinley,COL,1,1,25,0,0,0,24.0,21,2,0,6,27,1,kinlety01
Justin Bruihl*,LAD,1,1,24,0,0,1,23.2,22,10,4,6,13,3,bruihju01
Trevor Kelley,MIL,1,0,18,0,0,0,23.2,25,16,7,9,23,2,kelletr01
Adonis Medina,NYM,1,0,14,0,0,1,23.2,30,16,2,6,17,4,medinad01
Cody Morris,CLE,1,2,7,0,0,0,23.2,21,6,3,12,23,0,morrico01
Luis Perdomo,MIL,3,0,14,0,0,0,23.2,24,10,4,3,12,1,perdolu02
Garrett Cleavinger*,TOT,1,1,17,0,0,0,23.0,14,10,2,7,32,1,cleavga01
Chi Chi Gonzalez,TOT,0,1,7,0,0,0,23.0,28,15,5,7,15,0,gonzach01
Jacob Barnes,TOT,3,1,23,0,0,0,22.1,23,14,3,9,12,2,barneja01
JT Chargois,TBR,2,0,21,0,0,0,22.1,16,6,3,5,17,2,chargjt01
Tommy Hunter,NYM,0,1,18,0,0,0,22.1,21,6,4,6,22,0,hunteto02
Corbin Martin,ARI,0,1,7,0,0,0,22.1,25,12,3,12,21,0,martico02
Chris Paddack,MIN,1,2,5,0,0,0,22.1,25,10,0,2,20,1,paddach01
Josh Sborz,TEX,1,0,19,0,0,0,22.1,25,16,4,11,32,0,sborzjo01
Eric Stout*,TOT,0,0,20,0,0,1,22.1,25,14,2,16,25,3,stouter01
Beau Sulser,TOT,0,0,10,0,0,0,22.1,24,9,3,9,19,1,sulsebe01
Heath Hembree,TOT,3,1,26,0,0,0,22.0,26,18,6,17,17,0,hembrhe01
Stephen Nogosek,NYM,1,1,12,0,0,0,22.0,20,6,4,7,21,1,nogosst01
Darren O'Day,ATL,2,2,28,0,0,0,21.2,19,10,3,10,26,1,odayda01
Drew VerHagen,STL,3,1,19,0,0,0,21.2,27,16,5,14,18,1,verhadr01
Calvin Faucher,TBR,2,3,22,0,0,1,21.1,26,13,4,10,21,1,fauchca01
Kolby Allard*,TEX,1,2,10,0,0,1,21.0,21,17,9,6,19,1,allarko01
Anthony Gose*,CLE,3,0,22,0,0,0,21.0,15,11,4,14,28,1,gosean01
Jackson Tetreault,WSN,2,2,4,0,0,0,21.0,23,12,4,10,9,0,tetreja01
Jesus Tinoco,TEX,0,0,17,0,0,0,20.2,12,5,2,10,18,1,tinocje01
Hunter Brown,HOU,2,0,7,0,0,0,20.1,15,2,0,7,22,0,brownhu01
Bryan Garcia,DET,2,0,4,0,0,0,20.1,14,8,3,10,17,3,garcibr01
Ashton Goudeau,COL,1,0,12,0,0,1,20.1,25,16,3,10,16,0,goudeas01
Bennett Sousa*,CHW,3,0,25,0,0,1,20.1,25,19,3,10,12,1,sousabe01
Kohei Arihara,TEX,1,3,5,0,0,0,20.0,36,21,4,11,14,3,arihako01
Andrew Kittredge,TBR,3,1,17,0,0,5,20.0,15,7,4,2,14,0,kittran01
Luis Patino,TBR,1,2,6,0,0,0,20.0,26,18,6,13,11,1,patinlu01
Derek Law,TOT,2,3,17,0,0,0,19.2,23,9,3,8,17,2,lawde01
Tony Santillan,CIN,0,1,21,0,0,4,19.2,23,12,1,12,21,4,santito01
Anthony Bender,MIA,1,3,22,0,0,6,19.1,17,7,3,8,17,1,bendean01
Gabe Speier*,KCR,0,1,17,0,0,0,19.1,16,5,2,5,14,0,speiega01
Anthony DeSclafani,SFG,0,2,5,0,0,0,19.0,34,14,4,4,17,1,desclan01
Norge Ruíz,OAK,0,1,14,0,0,0,19.0,30,15,4,7,18,2,ruizno01
Tyler Thornburg,TOT,0,1,14,0,0,0,19.0,16,7,1,11,14,1,thornty01
Archie Bradley,LAA,0,1,21,0,0,2,18.2,17,10,1,7,15,0,bradlar01
Junior Fernandez,TOT,0,0,16,0,0,0,18.2,18,5,3,12,14,1,fernaju01
Ronald Bolanos,KCR,0,0,8,0,0,0,18.1,20,9,2,12,12,3,bolanro01
Anderson Espinoza,CHC,0,2,7,0,0,0,18.1,14,11,4,16,19,4,espinan01
Ryne Nelson,ARI,1,1,3,0,0,0,18.1,9,3,2,6,16,0,nelsory01
Connor Seabold,BOS,0,4,5,0,0,0,18.1,35,23,5,8,19,3,seaboco01
Sam Selman*,OAK,0,0,16,0,0,0,18.1,16,10,4,5,18,1,selmasa01
Yennier Cano,TOT,1,1,13,0,0,0,18.0,26,23,3,16,21,1,canoye01
Javy Guerra,TOT,2,1,18,0,0,0,18.0,16,10,3,11,10,1,guerrja02
Casey Lawrence,TOR,0,1,6,0,0,0,18.0,23,15,5,4,11,1,lawreca01
Sergio Romo,TOT,0,1,23,0,0,0,18.0,19,15,7,6,14,0,romose01
Chad Smith,COL,0,1,15,0,0,0,18.0,16,15,2,15,23,2,smithch12
Adam Kolarek*,OAK,0,1,15,0,0,0,17.2,20,9,1,8,9,3,kolarad01
Alec Mills,CHC,0,1,7,0,0,0,17.2,28,19,7,3,11,3,millsal02
Scott Alexander*,SFG,0,0,17,0,0,2,17.1,12,2,1,1,10,0,alexasc02
Logan Gillaspie,BAL,1,0,17,0,0,0,17.1,20,6,1,3,10,2,gillalo01
James Norwood,PHI,1,0,20,0,0,0,17.1,24,16,2,9,22,0,norwoja01
Elvis Peguero,LAA,0,0,13,0,0,0,17.1,23,13,4,5,12,0,pegueel01
Taylor Widener,ARI,0,1,14,0,0,0,17.1,22,7,2,5,14,3,widenta01
Luis Frias,ARI,1,1,15,0,0,0,17.0,23,20,1,17,14,1,friaslu01
Keynan Middleton,ARI,1,2,18,0,0,0,17.0,16,10,5,3,15,1,middlke01
Domingo Tapia,OAK,0,0,11,0,0,0,17.0,25,16,1,14,12,1,tapiado01
Edwin Uceta,ARI,0,0,10,0,0,0,17.0,14,11,2,7,13,1,ucetaed01
Tommy Milone*,SEA,1,1,7,0,0,0,16.2,14,10,4,6,5,1,milonto01
Jake Reed,TOT,2,0,18,0,0,1,16.2,17,13,2,8,13,3,reedja02
Eduard Bazardo,BOS,1,0,12,0,0,0,16.1,12,5,4,4,11,2,bazared01
Jacob Lemoine,OAK,0,0,9,0,0,0,16.1,18,14,4,7,13,0,lemoija01
Mauricio Llovera,SFG,0,0,17,0,0,0,16.1,14,8,2,8,20,0,llovema01
JoJo Romero*,TOT,0,0,17,0,0,0,16.1,13,9,3,10,17,0,romerjo01
Cody Stashak,MIN,3,0,11,0,0,0,16.1,16,7,1,0,15,0,stashco01
Phillips Valdez,BOS,0,1,13,0,0,0,16.1,12,8,0,7,13,6,valdeph01
Robert Dugger,TOT,0,1,4,0,0,0,16.0,19,11,3,7,19,0,duggero01
Luis Ortiz,PIT,0,2,4,0,0,0,16.0,8,8,1,10,17,0,ortizlu03
Blake Taylor*,HOU,1,1,19,0,0,0,16.0,15,7,1,10,9,1,taylobl01
Austin Warren,LAA,2,0,14,0,0,0,16.0,19,10,3,5,9,0,warreau01
Kyle Crick,CHW,2,0,14,0,0,0,15.2,10,7,0,11,19,2,crickky01
Jackson Kowar,KCR,0,0,7,0,0,0,15.2,27,17,4,11,17,0,kowarja01
Jose Alvarez*,SFG,2,1,21,0,0,1,15.1,17,9,3,9,15,2,alvarjo02
Jhonathan Diaz*,LAA,1,1,4,0,0,0,15.1,13,5,1,10,11,0,diazjh01
Justin Grimm,OAK,0,0,15,0,0,0,15.1,18,7,1,7,11,2,grimmju01
Robert Gsellman,CHC,0,2,8,0,0,1,15.1,17,8,2,3,9,0,gsellro01
Luke Bard,TOT,1,1,9,0,0,0,15.0,7,3,0,7,8,2,bardlu01
Jeremy Beasley,TOR,0,0,9,0,0,0,15.0,14,8,4,5,19,2,beaslje01
Luke Farrell,TOT,0,0,6,0,0,0,15.0,18,9,3,7,14,0,farrelu01
Chad Green,NYY,1,1,14,0,0,1,15.0,13,5,1,5,16,0,greench03
Thomas Szapucki*,TOT,0,1,11,0,0,0,15.0,19,12,6,7,18,0,szaputh01
Fernando Cruz,CIN,0,1,14,0,0,0,14.2,9,2,1,9,21,1,cruzfe01
Chris Devenski,TOT,2,1,13,0,0,0,14.2,21,14,3,1,12,1,devench02
Andrew Nardi*,MIA,1,1,13,0,0,0,14.2,25,16,5,14,24,0,nardian01
Phoenix Sanders,TBR,0,0,8,0,0,0,14.2,12,5,0,3,12,0,sandeph01
Pierce Johnson,SDP,1,2,15,0,0,0,14.1,14,8,1,8,21,0,johnspi01
Drew Steckenrider,SEA,0,2,16,0,0,2,14.1,21,9,2,5,10,0,steckdr01
Jimmy Yacabonis,TOT,1,1,14,0,0,0,14.0,20,13,4,10,21,2,yacabji01
DL Hall*,BAL,1,1,11,0,0,1,13.2,17,9,0,6,19,0,halldl01
Zack Kelly,BOS,1,0,13,0,0,0,13.2,14,6,2,4,11,0,kellyza01
Reiss Knehr,SDP,0,0,5,0,0,0,13.2,11,6,1,4,10,4,knehrre01
Manuel Rodríguez,CHC,2,0,14,0,0,4,13.2,10,5,1,9,8,0,rodrima01
Adbert Alzolay,CHC,2,1,6,0,0,0,13.1,9,5,1,2,19,1,alzolad01
Matthew Boyd*,SEA,2,0,10,0,0,0,13.1,5,2,0,8,13,1,boydma01
Anthony Castro,CLE,0,0,12,0,0,0,13.1,19,11,5,10,12,0,castran02
Jake Cousins,MIL,2,1,12,0,0,0,13.1,10,4,1,8,21,2,cousija01
Tyler Cyr,TOT,1,0,12,0,0,0,13.1,11,4,2,5,16,1,cyrty01
Miguel Sanchez,MIL,1,1,12,0,0,0,13.1,12,6,3,8,9,0,sanchmi01
Zack Weiss,LAA,0,1,12,0,0,0,13.1,7,5,2,7,18,1,weissza01
Paul Fry*,TOT,0,0,13,0,0,0,13.0,11,9,1,9,14,2,frypa01
Matt Gage*,TOR,0,1,11,0,0,0,13.0,6,2,1,6,12,1,gagema01
Sam Coonrod,PHI,0,0,12,0,0,0,12.2,12,11,1,7,12,3,coonrsa01
Angel De Jesus,DET,0,0,8,0,0,0,12.2,9,3,2,4,7,2,dejesan01
Bryan Hoeing,MIA,1,1,8,0,0,0,12.2,19,17,5,5,6,0,hoeinbr01
Tommy Kahnle,LAD,0,0,13,0,0,1,12.2,5,4,2,3,14,3,kahnlto01
Kodi Whitley,STL,2,0,14,0,0,0,12.2,11,8,2,9,12,2,whitlko01
Brandon Bielak,HOU,0,0,5,0,0,0,12.1,11,5,2,4,12,3,bielabr01
Kervin Castro,TOT,0,1,10,0,0,0,12.1,15,14,3,7,11,0,castrke01
Danny Coulombe*,MIN,0,0,10,0,0,0,12.1,7,2,0,9,9,0,couloda01
Kyle Muller*,ATL,1,1,3,0,0,0,12.1,13,11,2,8,12,0,mulleky01
Tayler Scott,SDP,0,1,8,0,0,0,12.0,19,9,1,6,13,0,scottta02
Aaron Fletcher*,PIT,0,1,9,0,0,0,11.2,10,9,2,4,6,3,fletcaa01
Ronny Henriquez,MIN,0,1,3,0,0,0,11.2,8,3,1,3,9,2,henriro01
Justus Sheffield*,SEA,1,0,6,0,0,0,11.2,9,5,1,6,7,1,sheffju01
Caleb Kilian,CHC,0,2,3,0,0,0,11.1,11,13,0,12,9,1,kiliaca01
Greg Weissert,NYY,3,0,12,0,0,0,11.1,6,7,1,5,11,2,weissgr01
Hanser Alberto,LAD,0,0,10,0,0,0,11.0,10,5,2,3,1,1,alberha01
Jake Fishman*,MIA,0,0,7,0,0,0,11.0,13,5,0,0,6,3,fishmja01
Dusten Knight,TBR,0,1,6,0,0,0,11.0,11,7,4,4,9,0,knighdu01
Yoan López,NYM,1,0,8,0,0,0,11.0,14,7,2,5,10,1,lopezyo01
Jose Marte,LAA,0,0,11,0,0,0,11.0,8,9,2,18,15,0,martejo01
Angel Zerpa*,KCR,2,1,3,0,0,0,11.0,9,2,2,3,3,0,zerpaan01
Tyson Miller,TEX,1,2,4,0,0,0,10.2,16,13,1,8,8,2,millety01
Kenny Rosenberg*,LAA,0,0,3,0,0,0,10.2,9,5,1,6,8,0,rosenke01
Ryan Weber,NYY,0,0,5,0,0,1,10.2,6,1,1,1,3,0,weberry01
T.J. Zeuch,CIN,0,3,3,0,0,0,10.2,24,18,5,7,5,3,zeuchtj01
Mark Appel,PHI,0,0,6,0,0,0,10.1,9,2,0,3,5,0,appelma01
Travis Lakins Sr.,BAL,0,1,6,0,0,0,10.1,14,11,3,6,8,1,lakintr01
Casey Mize,DET,0,1,2,0,0,0,10.0,13,6,1,2,4,0,mizeca01
Matt Peacock,TOT,0,0,9,0,0,0,10.0,12,6,1,4,6,0,peacoma01
Sean Reid-Foley,NYM,0,0,7,0,0,0,10.0,7,6,1,7,8,1,reidfse01
Andre Jackson,LAD,0,0,4,0,0,1,9.2,9,2,0,4,9,0,jacksan01
Juan Minaya,MIN,1,0,6,0,0,0,9.2,8,6,0,5,11,3,minayju01
Collin Wiles,OAK,0,0,4,0,0,0,9.2,11,5,1,2,9,1,wilesco01
Aaron Brooks,STL,0,0,5,0,0,0,9.1,11,8,3,2,7,1,brookaa01
Xzavion Curry,CLE,0,1,2,0,0,0,9.1,13,6,1,6,3,1,curryxz01
Reed Garrett,WSN,0,1,7,0,0,0,9.1,13,7,1,8,6,1,garrere01
Kyle Barraclough,LAA,0,1,8,0,0,0,9.0,7,3,0,4,9,0,barraky01
Steven Brault*,CHC,0,0,9,0,0,0,9.0,8,3,0,5,8,1,braulst01
Ryan Burr,CHW,1,1,8,0,0,0,9.0,8,6,3,4,7,0,burrry01
Tyler Holton*,ARI,0,0,10,0,0,0,9.0,8,3,1,2,6,1,holtoty01
James Naile,STL,0,0,7,0,0,0,9.0,8,5,2,2,5,0,naileja01
Drew Carlton,DET,0,0,5,0,0,0,8.2,4,2,1,0,7,0,carltdr01
Jesus Cruz,ATL,0,0,7,0,0,0,8.2,8,6,3,4,6,1,cruzje01
Evan Lee*,WSN,0,1,4,0,0,0,8.2,9,4,1,7,7,1,leeev01
Luis Ortiz,SFG,0,0,6,0,0,0,8.2,5,1,0,3,6,0,ortizlu02
Francisco Perez*,WSN,0,0,10,0,0,0,8.2,13,7,2,9,7,0,perezfr01
Andrew Vasquez*,TOT,0,0,10,0,0,0,8.2,6,6,1,4,10,3,vasquan02
Cam Vieaux*,PIT,0,0,8,0,0,0,8.2,15,10,2,5,15,1,vieauca01
Ryan Hendrix,CIN,0,0,9,0,0,0,8.1,9,5,0,6,9,2,hendrry01
Janson Junk,LAA,1,1,3,0,0,0,8.1,10,6,1,3,11,0,junkja01
Tommy Romero,TOT,1,1,4,0,0,0,8.1,11,10,7,9,7,0,romerto01
Jared Solomon,CIN,0,0,9,0,0,0,8.1,8,10,3,5,9,1,solomja01
Rico Garcia,BAL,0,0,6,0,0,0,8.0,8,4,2,3,2,0,garciri01
John Means*,BAL,0,0,2,0,0,0,8.0,8,3,0,2,7,0,meansjo01
Logan Allen*,TOT,1,0,7,0,0,0,7.2,12,5,0,5,7,1,allenlo01
Roenis Elias*,SEA,0,0,7,0,0,0,7.2,7,3,1,3,6,0,eliasro01
Denyi Reyes,BAL,0,0,3,0,0,0,7.2,8,2,0,1,3,0,reyesde02
Ethan Roberts,CHC,0,1,9,0,0,0,7.2,10,7,3,6,9,1,roberet01
Dereck Rodriguez,MIN,0,1,2,0,0,0,7.2,7,3,3,4,4,0,rodride01
Hunter Gaddis,CLE,0,2,2,0,0,0,7.1,15,15,7,3,5,0,gaddihu01
Parker Mushinski*,HOU,0,0,7,0,0,0,7.1,5,3,0,3,8,1,mushipa01
Michael Plassmeyer*,PHI,0,1,2,0,0,0,7.1,9,3,1,1,7,0,plassmi01
Anderson Severino*,CHW,0,0,6,0,0,0,7.1,7,5,0,4,9,2,severan01
Justin Topa,MIL,0,0,7,0,0,0,7.1,9,4,0,4,4,0,topaju01
A.J. Alexy,TEX,1,1,4,0,0,0,7.0,10,9,1,9,6,0,alexyaj01
Yonny Chirinos,TBR,1,0,2,0,0,0,7.0,7,0,0,1,6,1,chiriyo01
Kody Clemens,DET,0,0,7,0,0,0,7.0,12,3,0,1,1,0,clemeko01
Kevin Herget,TBR,0,1,3,0,0,0,7.0,9,6,0,0,4,0,hergeke01
Gavin Hollowell,COL,0,2,6,0,0,0,7.0,7,6,1,4,8,0,holloga01
Daniel Mengden,KCR,0,1,5,0,0,1,7.0,10,4,1,1,8,0,mengdda01
Shelby Miller,SFG,0,1,4,0,0,0,7.0,6,5,0,3,14,0,millesh01
Spencer Patton,TEX,0,0,7,0,0,0,7.0,4,3,1,3,5,2,pattosp01
Kirby Yates,ATL,0,0,9,0,0,0,7.0,6,4,2,5,6,0,yateski01
Austin Brice,PIT,0,0,4,0,0,0,6.2,4,3,0,3,5,0,briceau01
Tyler Glasnow,TBR,0,0,2,0,0,0,6.2,4,1,1,2,10,0,glasnty01
Darwinzon Hernandez*,BOS,0,1,7,0,0,0,6.2,14,16,4,8,9,2,hernada02
David McKay,TOT,0,0,4,0,0,0,6.2,8,5,1,4,3,0,mckayda02
Lucas Sims,CIN,1,0,6,0,0,1,6.2,5,7,0,6,5,1,simslu01
Huascar Ynoa,ATL,0,2,2,0,0,0,6.2,11,10,2,6,8,0,ynoahu01
Ronel Blanco,HOU,0,0,7,0,0,0,6.1,8,5,1,4,7,1,blancro01
Kyle Dowdy,CIN,0,0,2,0,0,0,6.1,5,0,0,3,3,1,dowdyky01
Luis Gonzalez*,SFG,0,0,5,0,0,0,6.1,9,4,0,1,0,0,gonzalu03
Foster Griffin*,TOT,0,0,6,0,0,0,6.1,7,6,0,5,4,1,grifffo01
Ethan Small*,MIL,0,0,2,0,0,0,6.1,8,5,1,8,7,0,smallet01
Danny Young*,TOT,0,0,3,0,0,0,6.1,11,3,1,2,6,0,youngda02
Max Meyer,MIA,0,1,2,0,0,0,6.0,7,5,2,2,6,0,meyerma01
Tanner Tully*,CLE,0,0,3,0,0,0,6.0,8,4,1,6,2,0,tullyta01
Phillip Diehl*,CIN,0,0,5,0,0,0,5.2,8,7,3,3,3,0,diehlph01
Marcos Diplan,BAL,0,0,5,0,0,0,5.2,4,1,0,5,8,0,diplama01
Jeremiah Estrada,CHC,0,0,5,0,0,0,5.2,6,2,1,3,8,0,estraje01
Patrick Murphy,WSN,0,0,6,0,0,0,5.2,8,4,0,8,4,0,murphpa02
Chris Sale*,BOS,0,1,2,0,0,0,5.2,5,2,0,1,5,1,salech01
Arodys Vizcaino,KCR,0,0,7,0,0,0,5.2,4,4,1,7,3,0,vizcaar01
Cole Waites,SFG,0,0,7,0,0,0,5.2,6,2,1,4,4,0,waiteco01
Jake Brentz*,KCR,0,3,8,0,0,0,5.1,11,14,1,10,9,1,brentja01
Sam Clay*,TOT,0,0,7,0,0,0,5.1,4,5,1,4,5,4,claysa01
Sean Doolittle*,WSN,0,0,6,0,0,0,5.1,1,0,0,0,6,0,doolise01
Zac Lowther*,BAL,0,0,1,0,0,0,5.1,8,5,0,2,1,1,lowthza01
Chris Mazza,TBR,1,0,2,0,0,0,5.1,9,7,3,6,5,2,mazzach01
Tyler Clippard,WSN,0,0,4,0,0,0,5.0,6,4,1,4,4,3,clippty01
Ray Kerr*,SDP,0,0,7,0,0,0,5.0,3,5,1,4,3,0,kerrra01
Max Kranick,PIT,0,0,2,0,0,0,5.0,3,0,0,3,4,0,kranima01
Francisco Morales,PHI,0,0,3,0,0,1,5.0,2,4,1,6,3,1,moralfr02
Nick Neidert,MIA,0,1,1,0,0,0,5.0,5,2,1,0,3,0,neideni01
Jhon Romero,MIN,0,0,4,0,0,0,5.0,9,2,0,1,6,0,romerjh01
Angel Rondon,STL,1,0,1,0,0,0,5.0,1,0,0,3,4,0,rondoan01
Blake Treinen,LAD,1,1,5,0,0,0,5.0,1,1,1,1,6,0,treinbl01
Simeon Woods Richardson,MIN,0,1,1,0,0,0,5.0,3,2,1,2,3,0,woodssi01
Raynel Espinal,CIN,0,1,2,0,0,0,4.2,6,4,1,1,5,0,espinra01
Thomas Hatch,TOR,0,1,1,0,0,0,4.2,12,10,3,2,4,1,hatchto01
Greg Holland,TEX,0,1,5,0,0,0,4.2,6,4,3,1,5,0,hollagr01
Damon Jones*,PHI,0,0,4,0,0,0,4.2,4,5,0,5,5,3,jonesda07
Carson Kelly,ARI,0,0,4,0,0,0,4.2,9,4,1,2,0,0,kellyca02
Stephen Strasburg,WSN,0,1,1,0,0,0,4.2,8,7,1,2,5,1,strasst01
Silvino Bracho,ATL,0,0,3,0,0,0,4.1,3,3,2,1,4,1,brachsi01
Cade Cavalli,WSN,0,1,1,0,0,0,4.1,6,7,0,2,6,3,cavalca01
Jerad Eickhoff,PIT,0,1,1,0,0,0,4.1,10,10,2,1,4,3,eickhje01
Chris Ellis,BAL,0,0,2,0,0,0,4.1,5,5,0,6,2,1,ellisch01
Ken Giles,SEA,0,0,5,0,0,0,4.1,1,0,0,4,6,0,gileske01
Matt Koch,SEA,0,0,4,0,0,0,4.1,5,4,2,1,3,0,kochma01
Cristofer Ogando,TBR,0,0,3,0,0,0,4.1,4,2,0,1,2,1,ogandcr01
Pedro Avila,SDP,0,0,2,0,0,0,4.0,3,2,1,1,5,1,avilape01
Luke Barker,MIL,0,0,3,0,0,0,4.0,7,5,2,0,3,0,barkelu01
Christian Bethancourt,TOT,0,0,4,0,0,0,4.0,6,1,1,1,1,0,bethach01
José Butto,NYM,0,0,1,0,0,0,4.0,9,7,2,2,5,0,buttojo01
Harold Castro,DET,0,0,4,0,0,0,4.0,6,2,0,1,1,1,castrha01
Franklin German,BOS,0,0,5,0,0,0,4.0,7,8,2,4,4,0,germafr02
Luis Gil,NYY,0,0,1,0,0,0,4.0,5,4,0,2,5,0,gillu01
Michael Kelly,PHI,0,0,4,0,0,0,4.0,3,1,1,1,4,1,kellymi03
Oliver Perez*,ARI,1,1,7,0,0,0,4.0,8,7,1,1,1,1,perezol01
Brett Phillips,TBR,0,0,3,0,0,0,4.0,9,8,3,2,0,0,phillbr02
Kyle Tyler,SDP,1,0,2,0,0,0,4.0,2,0,0,1,2,0,tylerky01
Rob Zastryzny*,TOT,0,0,6,0,0,0,4.0,3,3,0,1,3,0,zastrro01
Luis Castillo,DET,0,0,3,0,0,0,3.2,2,0,0,0,4,0,castilu03
Miguel Diaz,DET,0,0,3,0,0,0,3.2,1,1,0,2,3,0,diazmi02
Nick Gordon,MIN,0,0,4,0,0,0,3.2,10,9,2,4,0,0,gordoni01
Wil Myers,SDP,0,0,4,0,0,0,3.2,4,3,3,0,0,1,myerswi01
Sheldon Neuse,OAK,0,0,3,0,0,0,3.2,1,0,0,0,0,0,neusesh01
Gregory Santos,SFG,0,0,2,0,0,0,3.2,3,2,0,3,2,0,santogr01
Garrett Stubbs,PHI,0,0,4,0,0,0,3.2,7,7,3,1,1,0,stubbga01
Ryan Weathers*,SDP,0,0,1,0,0,0,3.2,6,4,0,4,3,0,weathry01
Alex Wells*,BAL,0,0,2,0,0,0,3.2,5,2,2,0,6,0,wellsal01
Justin Wilson*,CIN,0,1,5,0,0,0,3.2,3,1,0,0,7,0,wilsoju10
Alex Claudio*,NYM,0,0,3,0,0,0,3.1,1,0,0,2,2,0,claudal01
Cooper Criswell,TBR,0,0,1,0,0,0,3.1,2,1,0,1,4,0,criswco01
Michael Feliz,BOS,0,0,1,0,0,0,3.1,1,1,1,2,4,0,felizmi01
A.J. Ladwig,MIA,0,0,1,0,0,0,3.1,6,4,2,0,0,0,ladwiaj01
Bryce Montes de Oca,NYM,0,0,3,0,0,0,3.1,7,4,0,2,6,0,montebr01
Mike Brosseau,MIL,0,0,3,0,0,0,3.0,2,0,0,1,0,0,brossmi01
Nate Fisher*,NYM,0,0,1,0,0,0,3.0,1,0,0,2,1,0,fishena01
Shane Greene,TOT,1,0,2,0,0,0,3.0,3,2,1,1,2,0,greensh02
Josh Harrison,CHW,0,0,3,0,0,0,3.0,9,6,1,2,2,0,harrijo05
Parker Markel,OAK,0,0,3,0,0,0,3.0,1,0,0,5,3,0,markepa01
Easton McGee,TBR,0,0,1,0,0,0,3.0,4,0,0,0,1,0,mcgeeea01
Enoli Paredes,HOU,0,0,3,0,0,0,3.0,3,1,0,3,2,0,pareden01
Connor Sadzeck,MIL,0,0,2,0,0,0,3.0,4,3,2,1,2,0,sadzeco01
Frank Schwindel,CHC,0,0,3,0,0,0,3.0,8,6,4,1,0,0,schwifr01
Cody Sedlock,BAL,0,0,1,0,0,0,3.0,6,5,0,1,3,0,sedloco01
Josh VanMeter,PIT,0,0,3,0,0,0,3.0,15,13,5,2,0,0,vanmejo01
Ryan Castellani,OAK,0,0,3,0,0,0,2.2,2,0,0,0,1,0,castery01
Daniel Duarte,CIN,0,0,3,0,0,0,2.2,3,3,1,3,2,0,duartda01
Ian Hamilton,MIN,0,0,1,0,0,0,2.2,3,2,1,1,0,0,hamilia01
Jordan Holloway,MIA,0,0,1,0,0,0,2.2,3,1,0,1,2,0,hollojo01
Alejo Lopez,CIN,0,0,3,0,0,0,2.2,2,2,2,0,0,0,lopezal03
Tayler Saucedo*,TOR,0,0,4,0,0,0,2.2,6,4,3,1,0,0,sauceta01
Jake Walsh,STL,0,1,3,0,0,0,2.2,3,4,0,2,5,1,walshja02
Aneurys Zabala,MIA,0,0,2,0,0,0,2.2,3,0,0,1,2,0,zabalan01
Austin Adams,SDP,1,0,2,0,0,0,2.1,0,0,0,3,2,0,adamsau02
Jorge Alcala,MIN,0,0,2,0,0,0,2.1,2,0,0,2,2,0,alcaljo01
R.J. Alvarez,NYM,0,1,1,0,0,0,2.1,4,3,2,3,2,0,alvarrj01
Pedro Baez,HOU,0,0,3,0,0,0,2.1,5,3,0,3,2,0,baezpe01
Brennan Bernardino*,SEA,0,1,2,0,0,0,2.1,3,1,0,2,0,0,bernabr01
Jake Hager,ARI,0,0,3,0,0,0,2.1,3,2,0,0,1,0,hagerja01
J.C. Mejia,MIL,0,0,2,0,0,0,2.1,5,6,0,5,1,0,mejiaje02
Willians Astudillo,MIA,0,0,2,0,0,0,2.0,0,0,0,2,0,0,astudwi01
Michel Báez,SDP,0,0,2,0,0,0,2.0,1,0,0,0,2,0,baezmi01
Matthew Batten,SDP,0,0,2,0,0,0,2.0,2,1,1,0,1,0,battema01
Diego Castillo,PIT,0,0,2,0,0,0,2.0,6,8,1,3,1,1,castidi02
Yu Chang,TBR,0,0,2,0,0,0,2.0,6,3,1,0,0,0,changyu01
Ernie Clement,CLE,0,0,2,0,0,0,2.0,6,4,2,0,0,0,clemeer01
Charlie Culberson,TEX,0,0,2,0,0,0,2.0,1,0,0,1,0,0,culbech01
Robbie Erlin*,LAD,0,0,2,0,0,0,2.0,2,2,1,1,1,0,erlinro01
Sam Howard*,PIT,0,0,3,0,0,0,2.0,2,2,1,4,1,1,howarsa01
Anthony Kay*,TOR,0,0,1,0,0,0,2.0,2,1,0,1,3,1,kayan01
Sandy Leon,CLE,0,0,1,0,0,0,2.0,0,0,0,0,0,0,leonsa01
Nick Mears,PIT,0,0,2,0,0,0,2.0,1,0,0,1,2,0,mearsni01
Yadier Molina,STL,0,0,2,0,0,0,2.0,6,4,2,0,1,0,molinya01
Vinny Nittoli,PHI,0,0,2,0,0,0,2.0,0,0,0,1,1,1,nittovi01
Gerardo Reyes,LAA,0,0,2,0,0,0,2.0,3,1,1,3,0,0,reyesge01
Darin Ruf,NYM,0,0,1,0,0,0,2.0,1,0,0,0,0,0,rufda01
Jordan Sheffield,COL,0,0,2,0,0,0,2.0,2,0,0,2,1,0,sheffjo01
Locke St. John*,CHC,0,0,1,0,0,0,2.0,3,3,2,0,4,0,stjohlo01
Michael A. Taylor,KCR,0,0,1,0,0,0,2.0,5,2,1,2,2,0,taylomi02
Luis Torrens,SEA,1,0,2,0,0,0,2.0,3,1,1,0,0,0,torrelu01
William Woods,ATL,0,0,2,0,0,0,2.0,2,0,0,1,2,0,woodswi02
Austin Wynns,SFG,0,0,2,0,0,0,2.0,3,3,1,1,0,0,wynnsau01
Alcides Escobar,WSN,0,0,2,0,0,0,1.2,3,2,0,1,0,1,escobal02
Nicholas Padilla,CHC,0,0,1,0,0,0,1.2,2,1,0,2,1,0,padilni01
Jay Jackson,ATL,0,0,2,0,0,0,1.1,1,0,0,0,1,0,jacksja01
Nick Maton,PHI,0,0,2,0,0,0,1.1,4,3,0,0,0,0,matonni01
Ryan McKenna,BAL,0,0,2,0,0,0,1.1,5,2,0,1,0,0,mckenry01
Matt Reynolds,CIN,0,0,2,0,0,0,1.1,3,1,0,0,0,2,reynoma03
Ehire Adrianza,WSN,0,0,1,0,0,0,1.0,0,0,0,1,1,0,adriaeh01
Cam Alldred*,PIT,0,0,1,0,0,0,1.0,1,0,0,0,1,0,alldrca01
Shaun Anderson,TOR,0,0,1,0,0,0,1.0,4,2,0,0,0,0,andersh01
Orlando Arcia,ATL,0,0,1,0,0,0,1.0,0,0,0,1,0,0,arciaor01
Tucker Barnhart,DET,0,0,1,0,0,0,1.0,3,1,0,0,0,0,barnhtu01
Jackie Bradley Jr.,BOS,0,0,1,0,0,0,1.0,1,1,0,3,1,0,bradlja02
Victor Caratini,MIL,0,0,1,0,0,0,1.0,2,3,0,1,0,1,caratvi01
Jose Castillo*,SDP,0,0,1,0,0,0,1.0,1,1,0,1,1,0,castijo03
Noah Davis,COL,0,0,1,0,0,0,1.0,3,2,1,1,2,0,davisno01
Matt Dermody*,CHC,0,0,1,0,0,0,1.0,2,2,0,2,1,0,dermoma01
Corey Dickerson,STL,0,0,1,0,0,0,1.0,2,0,0,1,0,0,dickeco01
Hunter Dozier,KCR,0,0,1,0,0,0,1.0,2,2,1,1,0,0,doziehu01
Nick Duron,PHI,0,0,1,0,0,0,1.0,2,0,0,0,1,0,duronni01
Mike Ford,ATL,0,0,1,0,0,0,1.0,1,2,1,1,0,0,fordmi01
Phil Gosselin,LAA,0,0,1,0,0,0,1.0,0,0,0,0,0,0,gosseph01
Randal Grichuk,COL,0,0,1,0,0,0,1.0,0,0,0,0,0,0,grichra01
Nicky Lopez,KCR,0,0,1,0,0,0,1.0,3,2,2,0,0,0,lopezni01
Jack Mayfield,LAA,0,0,1,0,0,0,1.0,1,0,0,0,0,0,mayfija01
Reese McGuire,BOS,0,0,1,0,0,0,1.0,0,0,0,0,0,0,mcguire01
Conner Menez*,CHC,0,0,1,0,0,0,1.0,1,0,0,0,1,1,menezco01
Whit Merrifield,TOR,0,0,1,0,0,0,1.0,2,2,1,0,0,1,merriwh01
Riley O'Brien,SEA,0,0,1,0,0,0,1.0,1,0,0,1,1,0,obrieri01
Chris Owings,BAL,0,0,1,0,0,0,1.0,2,1,0,0,0,0,owingch01
Jace Peterson,MIL,0,0,1,0,0,0,1.0,0,0,0,0,0,0,peterja01
Chad Pinder,OAK,0,0,1,0,0,0,1.0,2,3,0,2,0,1,pindech01
Kevin Plawecki,BOS,0,0,1,0,0,0,1.0,1,0,0,0,0,0,plaweke01
Albert Pujols,STL,0,0,1,0,0,0,1.0,3,4,2,1,0,0,pujolal01
Franmil Reyes,CHC,0,0,1,0,0,0,1.0,0,0,0,0,1,1,reyesfr01
Pablo Reyes,MIL,0,0,1,0,0,0,1.0,0,0,0,0,0,0,reyespa01
Yerry Rodriguez,TEX,0,0,1,0,0,0,1.0,1,0,0,0,1,0,rodriye01
Bubby Rossman,PHI,0,0,1,0,0,0,1.0,1,2,1,1,1,0,rossmbu01
Yolmer Sanchez,BOS,0,0,1,0,0,0,1.0,3,1,0,0,0,0,sanchca01
Max Schrock,CIN,0,0,1,0,0,0,1.0,7,5,2,0,0,0,schroma01
Brian Serven,COL,0,0,1,0,0,0,1.0,0,0,0,1,0,0,servebr01
Andrelton Simmons,CHC,0,0,1,0,0,0,1.0,5,5,0,1,0,0,simmoan01
Nicklaus Snyder,TEX,0,0,2,0,0,0,1.0,1,2,0,3,0,0,snydeni01
Dee Strange-Gordon,WSN,0,0,1,0,0,0,1.0,2,3,1,3,0,1,gordode01
Cesar Valdez,LAA,0,0,1,0,0,0,1.0,2,1,0,0,0,0,valdece01
Ildemaro Vargas,WSN,0,0,1,0,0,0,1.0,0,0,0,0,0,0,vargail01
Donovan Walton,SFG,0,0,1,0,0,0,1.0,3,3,1,1,0,0,waltodo01
Zack Britton*,NYY,0,0,3,0,0,0,0.2,1,1,0,6,1,0,brittza01
Bowden Francis,TOR,0,0,1,0,0,0,0.2,1,0,0,0,1,0,francbo01
Andrew Knizner,STL,0,0,1,0,0,0,0.2,1,0,0,0,0,0,kniznan01
Brendon Little*,CHC,0,1,1,0,0,0,0.2,2,3,1,1,0,1,littlbr02
Jermaine Palacios,MIN,0,0,2,0,0,0,0.2,1,0,0,0,1,0,palacje01
Freddy Tarnok,ATL,0,0,1,0,0,0,0.2,1,0,0,0,1,0,tarnofr01
Marwin Gonzalez,NYY,0,0,1,0,0,0,0.1,0,0,0,0,0,0,gonzama01
Darick Hall,PHI,0,0,1,0,0,0,0.1,1,0,0,0,0,0,hallda02
Brian Moran*,LAA,0,0,1,0,0,0,0.1,3,2,1,1,0,0,moranbr01
Nash Walters,LAA,0,0,1,0,0,0,0.1,1,0,0,1,0,0,waltena01