Name,Tm,Lg,W,L,G,CG,SHO,SV,IP,H,ER,HR,BB,IBB,SO,HBP,Name-additional
Cory Abbott,WSN,NL,0,5,16,0,0,0,48.0,44,28,12,25,0,45,5,abbotco01
Albert Abreu,TOT,AL,2,2,33,0,0,0,38.2,35,14,5,22,0,38,3,abreual01
Bryan Abreu,HOU,AL,4,0,55,0,0,2,60.1,45,13,2,26,0,88,4,abreubr01
Domingo Acevedo,OAK,AL,4,4,70,0,0,4,67.2,50,25,9,17,4,58,3,acevedo01
Jason Adam,TBR,AL,2,3,67,0,0,8,63.1,31,11,5,17,2,75,6,adamja01
Austin Adams,SDP,NL,1,0,2,0,0,0,2.1,0,0,0,3,0,2,0,adamsau02
Joan Adon,WSN,NL,1,12,14,0,0,0,64.2,76,51,8,39,1,55,6,adonjo01
Ehire Adrianza,WSN,NL,0,0,1,0,0,0,1.0,0,0,0,1,0,1,0,adriaeh01
Keegan Akin*,BAL,AL,3,3,45,0,0,2,81.2,69,29,10,20,0,77,1,akinke01
Hanser Alberto,LAD,NL,0,0,10,0,0,0,11.0,10,5,2,3,0,1,1,alberha01
Jorge Alcala,MIN,AL,0,0,2,0,0,0,2.1,2,0,0,2,0,2,0,alcaljo01
Sandy Alcantara,MIA,NL,14,9,32,6,1,0,228.2,174,58,16,50,1,207,9,alcansa01
Jason Alexander,MIL,NL,2,3,18,0,0,0,71.2,88,43,12,28,0,46,4,alexaja01
Scott Alexander*,SFG,NL,0,0,17,0,0,2,17.1,12,2,1,1,0,10,0,alexasc02
Tyler Alexander*,DET,AL,4,11,27,0,0,0,101.0,108,54,18,25,1,61,1,alexaty01
A.J. Alexy,TEX,AL,1,1,4,0,0,0,7.0,10,9,1,9,0,6,0,alexyaj01
Kolby Allard*,TEX,AL,1,2,10,0,0,1,21.0,21,17,9,6,1,19,1,allarko01
Cam Alldred*,PIT,NL,0,0,1,0,0,0,1.0,1,0,0,0,0,1,0,alldrca01
Logan Allen*,TOT,AL,1,0,7,0,0,0,7.2,12,5,0,5,0,7,1,allenlo01
Yency Almonte,LAD,NL,0,0,33,0,0,1,35.1,18,4,2,10,1,33,4,almonye01
Jose Alvarado*,PHI,NL,4,2,59,0,0,2,51.0,38,18,2,24,4,81,1,alvarjo03
Jose Alvarez*,SFG,NL,2,1,21,0,0,1,15.1,17,9,3,9,1,15,2,alvarjo02
R.J. Alvarez,NYM,NL,0,1,1,0,0,0,2.1,4,3,2,3,0,2,0,alvarrj01
Adbert Alzolay,CHC,NL,2,1,6,0,0,0,13.1,9,5,1,2,0,19,1,alzolad01
Chase Anderson,CIN,NL,2,4,9,0,0,0,24.0,17,17,3,15,0,23,3,anderch01
Ian Anderson,ATL,NL,10,6,22,0,0,0,111.2,115,62,12,54,0,97,1,anderia01
Shaun Anderson,TOR,AL,0,0,1,0,0,0,1.0,4,2,0,0,0,0,0,andersh01
Tyler Anderson*,LAD,NL,15,5,30,0,0,0,178.2,145,51,14,34,0,138,9,anderty01
Mark Appel,PHI,NL,0,0,6,0,0,0,10.1,9,2,0,3,0,5,0,appelma01
Victor Arano,WSN,NL,1,1,43,0,0,1,42.0,47,21,5,12,0,44,4,aranovi01
Chris Archer,MIN,AL,2,8,25,0,0,0,102.2,87,52,12,48,0,84,3,archech01
Orlando Arcia,ATL,NL,0,0,1,0,0,0,1.0,0,0,0,1,0,0,0,arciaor01
Kohei Arihara,TEX,AL,1,3,5,0,0,0,20.0,36,21,4,11,0,14,3,arihako01
Shawn Armstrong,TOT,MLB,2,3,50,0,0,2,61.2,66,30,7,17,2,66,4,armstsh01
Aaron Ashby*,MIL,NL,2,10,27,0,0,1,107.1,106,53,15,47,0,126,6,ashbyaa01
Graham Ashcraft,CIN,NL,5,6,19,0,0,0,105.0,119,57,11,30,1,71,8,ashcrgr01
Javier Assad,CHC,NL,2,2,9,0,0,0,37.2,35,13,4,20,0,30,0,assadja01
Willians Astudillo,MIA,NL,0,0,2,0,0,0,2.0,0,0,0,2,0,0,0,astudwi01
Pedro Avila,SDP,NL,0,0,2,0,0,0,4.0,3,2,1,1,0,5,1,avilape01
Michel Báez,SDP,NL,0,0,2,0,0,0,2.0,1,0,0,0,0,2,0,baezmi01
Pedro Baez,HOU,AL,0,0,3,0,0,0,2.1,5,3,0,3,0,2,0,baezpe01
Bryan Baker,BAL,AL,4,3,66,0,0,1,69.2,60,27,3,26,1,76,3,bakerbr01
Anthony Banda*,TOT,MLB,1,1,32,0,0,0,26.2,43,20,4,13,2,30,2,bandaan01
Tanner Banks*,CHW,AL,2,0,35,0,0,0,53.0,42,18,5,18,0,49,1,banksta01
Manny Banuelos*,TOT,MLB,2,1,35,0,0,1,41.0,32,20,2,21,1,42,3,banuema01
Daniel Bard,COL,NL,6,4,57,0,0,34,60.1,35,12,3,25,1,69,3,bardda01
Luke Bard,TOT,AL,1,1,9,0,0,0,15.0,7,3,0,7,0,8,2,bardlu01
Luke Barker,MIL,NL,0,0,3,0,0,0,4.0,7,5,2,0,0,3,0,barkelu01
Joe Barlow,TEX,AL,3,1,35,0,0,13,35.0,27,15,5,13,0,28,4,barlojo01
Scott Barlow,KCR,AL,7,4,69,0,0,24,74.1,52,18,9,22,1,77,3,barlosc01
Jacob Barnes,TOT,AL,3,1,23,0,0,0,22.1,23,14,3,9,0,12,2,barneja01
Matt Barnes,BOS,AL,0,4,44,0,0,8,39.2,36,19,2,21,1,34,3,barnema01
Tucker Barnhart,DET,AL,0,0,1,0,0,0,1.0,3,1,0,0,0,0,0,barnhtu01
Kyle Barraclough,LAA,AL,0,1,8,0,0,0,9.0,7,3,0,4,0,9,0,barraky01
Jaime Barria,LAA,AL,3,3,35,0,0,0,79.1,63,23,11,19,0,54,3,barrija01
Anthony Bass,TOT,MLB,4,3,73,0,0,0,70.1,51,12,6,20,1,73,0,bassan01
Chris Bassitt,NYM,NL,15,9,30,0,0,0,181.2,159,69,19,49,0,167,13,bassich01
Matthew Batten,SDP,NL,0,0,2,0,0,0,2.0,2,1,1,0,0,1,0,battema01
Mike Baumann,BAL,AL,1,3,13,0,0,0,34.1,43,18,3,9,0,23,2,baumami01
Félix Bautista,BAL,AL,4,4,65,0,0,15,65.2,38,16,7,23,1,88,1,bautife01
Shane Baz,TBR,AL,1,2,6,0,0,0,27.0,27,15,5,9,0,30,1,bazsh01
Eduard Bazardo,BOS,AL,1,0,12,0,0,0,16.1,12,5,4,4,0,11,2,bazared01
Jeremy Beasley,TOR,AL,0,0,9,0,0,0,15.0,14,8,4,5,0,19,2,beaslje01
David Bednar,PIT,NL,3,4,45,0,0,19,51.2,42,15,4,16,2,69,1,bednada01
Tyler Beede,TOT,NL,2,5,31,0,0,0,61.1,71,35,7,29,2,39,5,beedety01
Jalen Beeks*,TBR,AL,2,3,42,0,0,2,61.0,49,19,7,22,0,70,2,beeksja02
Andrew Bellatti,PHI,NL,4,4,59,0,0,2,54.1,47,20,5,25,1,78,1,bellaan01
Brayan Bello,BOS,AL,2,8,13,1,0,0,57.1,75,30,1,27,1,55,2,bellobr01
Anthony Bender,MIA,NL,1,3,22,0,0,6,19.1,17,7,3,8,0,17,1,bendean01
Brennan Bernardino*,SEA,AL,0,1,2,0,0,0,2.1,3,1,0,2,1,0,0,bernabr01
Jose Berrios,TOR,AL,12,7,32,0,0,0,172.0,199,100,29,45,0,149,11,berrijo01
Christian Bethancourt,TOT,AL,0,0,4,0,0,0,4.0,6,1,1,1,0,1,0,bethach01
Phil Bickford,LAD,NL,2,1,60,0,0,0,61.0,53,32,12,14,0,67,2,bickfph01
Shane Bieber,CLE,AL,13,8,31,1,0,0,200.0,172,64,18,36,0,198,2,biebesh01
Brandon Bielak,HOU,AL,0,0,5,0,0,0,12.1,11,5,2,4,0,12,3,bielabr01
Jake Bird,COL,NL,2,4,38,0,0,0,47.2,45,26,7,23,3,42,4,birdja01
Ty Blach*,COL,NL,1,0,24,0,0,1,44.1,51,29,4,11,2,29,2,blachty01
Paul Blackburn,OAK,AL,7,6,21,0,0,0,111.1,110,53,15,30,2,89,5,blackpa01
Ronel Blanco,HOU,AL,0,0,7,0,0,0,6.1,8,5,1,4,0,7,1,blancro01
Richard Bleier*,MIA,NL,2,2,55,0,0,1,50.2,63,20,3,10,3,32,1,bleieri01
Ronald Bolanos,KCR,AL,0,0,8,0,0,0,18.1,20,9,2,12,1,12,3,bolanro01
Ryan Borucki*,TOT,AL,2,0,32,0,0,0,25.1,24,16,6,11,0,21,2,borucry01
Brad Boxberger,MIL,NL,4,3,70,0,0,1,64.0,52,21,6,27,1,68,2,boxbebr01
Matthew Boyd*,SEA,AL,2,0,10,0,0,0,13.1,5,2,0,8,3,13,1,boydma01
Silvino Bracho,ATL,NL,0,0,3,0,0,0,4.1,3,3,2,1,0,4,1,brachsi01
Kyle Bradish,BAL,AL,4,7,23,0,0,0,117.2,119,64,17,46,0,111,7,bradiky01
Archie Bradley,LAA,AL,0,1,21,0,0,2,18.2,17,10,1,7,1,15,0,bradlar01
Jackie Bradley Jr.,BOS,AL,0,0,1,0,0,0,1.0,1,1,0,3,0,1,0,bradlja02
Matt Brash,SEA,AL,4,4,39,0,0,0,50.2,46,25,3,33,1,62,2,brashma01
Ryan Brasier,BOS,AL,0,3,68,0,0,1,62.1,68,40,9,13,1,64,1,brasiry01
Steven Brault*,CHC,NL,0,0,9,0,0,0,9.0,8,3,0,5,0,8,1,braulst01
Huascar Brazoban,MIA,NL,1,1,27,0,0,0,32.0,26,11,3,21,1,40,2,brazohu01
John Brebbia,SFG,NL,6,2,76,0,0,0,68.0,71,24,5,18,2,54,1,brebbjo01
Jake Brentz*,KCR,AL,0,3,8,0,0,0,5.1,11,14,1,10,0,9,1,brentja01
Austin Brice,PIT,NL,0,0,4,0,0,0,6.2,4,3,0,3,0,5,0,briceau01
Beau Brieske,DET,AL,3,6,15,0,0,0,81.2,73,38,14,25,0,54,1,briesbe01
Jeff Brigham,MIA,NL,0,1,16,0,0,1,24.0,22,9,3,10,0,28,0,brighje01
Zack Britton*,NYY,AL,0,0,3,0,0,0,0.2,1,1,0,6,0,1,0,brittza01
Connor Brogdon,PHI,NL,2,2,47,0,0,2,44.0,44,16,6,11,0,50,1,brogdco01
Aaron Brooks,STL,NL,0,0,5,0,0,0,9.1,11,8,3,2,0,7,1,brookaa01
Mike Brosseau,MIL,NL,0,0,3,0,0,0,3.0,2,0,0,1,0,0,0,brossmi01
Hunter Brown,HOU,AL,2,0,7,0,0,0,20.1,15,2,0,7,0,22,0,brownhu01
JT Brubaker,PIT,NL,3,12,28,0,0,0,144.0,157,75,17,54,0,147,9,brubajt01
Justin Bruihl*,LAD,NL,1,1,24,0,0,1,23.2,22,10,4,6,2,13,3,bruihju01
Kris Bubic*,KCR,AL,3,13,28,0,0,0,129.0,156,80,18,63,0,110,4,bubickr01
Walker Buehler,LAD,NL,6,3,12,1,1,0,65.0,67,29,8,17,0,58,2,buehlwa01
Madison Bumgarner*,ARI,NL,7,15,30,0,0,0,158.2,179,86,25,49,0,112,9,bumgama01
Aaron Bummer*,CHW,AL,2,1,32,0,0,2,26.2,30,7,2,10,0,30,2,bummeaa01
Dylan Bundy,MIN,AL,8,8,29,0,0,0,140.0,151,76,24,28,0,94,3,bundydy01
Brock Burke*,TEX,AL,7,5,52,0,0,0,82.1,63,18,9,24,1,90,2,burkebr01
Corbin Burnes,MIL,NL,12,8,33,0,0,0,202.0,144,66,23,51,0,243,13,burneco01
Ryan Burr,CHW,AL,1,1,8,0,0,0,9.0,8,6,3,4,0,7,0,burrry01
Matt Bush,TOT,MLB,2,3,65,0,0,3,59.2,43,23,11,18,2,74,3,bushma01
José Butto,NYM,NL,0,0,1,0,0,0,4.0,9,7,2,2,0,5,0,buttojo01
Edward Cabrera,MIA,NL,6,4,14,0,0,0,71.2,44,24,10,33,0,75,9,cabreed02
Genesis Cabrera*,STL,NL,4,2,39,0,0,1,44.2,39,23,8,20,3,32,4,cabrege01
Yennier Cano,TOT,AL,1,1,13,0,0,0,18.0,26,23,3,16,0,21,1,canoye01
Victor Caratini,MIL,NL,0,0,1,0,0,0,1.0,2,3,0,1,0,0,1,caratvi01
Drew Carlton,DET,AL,0,0,5,0,0,0,8.2,4,2,1,0,0,7,0,carltdr01
Carlos Carrasco,NYM,NL,15,7,29,0,0,0,152.0,161,67,17,41,2,152,8,carraca01
Daniel Castano*,MIA,NL,1,3,10,0,0,0,35.2,42,16,5,9,0,20,2,castada01
Ryan Castellani,OAK,AL,0,0,3,0,0,0,2.2,2,0,0,0,0,1,0,castery01
Humberto Castellanos,ARI,NL,3,2,11,0,0,0,44.1,50,28,7,12,0,32,4,castehu01
Diego Castillo,SEA,AL,7,3,59,0,0,7,54.1,40,22,5,22,4,53,2,castidi01
Diego Castillo,PIT,NL,0,0,2,0,0,0,2.0,6,8,1,3,0,1,1,castidi02
Jose Castillo*,SDP,NL,0,0,1,0,0,0,1.0,1,1,0,1,0,1,0,castijo03
Luis Castillo,TOT,MLB,8,6,25,0,0,0,150.1,118,50,13,45,0,167,8,castilu02
Luis Castillo,DET,AL,0,0,3,0,0,0,3.2,2,0,0,0,0,4,0,castilu03
Max Castillo,TOT,AL,0,2,14,0,0,0,39.1,38,26,8,15,0,37,2,castima03
Anthony Castro,CLE,AL,0,0,12,0,0,0,13.1,19,11,5,10,0,12,0,castran02
Harold Castro,DET,AL,0,0,4,0,0,0,4.0,6,2,0,1,0,1,1,castrha01
Kervin Castro,TOT,NL,0,1,10,0,0,0,12.1,15,14,3,7,0,11,0,castrke01
Miguel Castro,NYY,AL,5,0,34,0,0,0,29.0,27,13,2,15,0,31,4,castrmi01
Cade Cavalli,WSN,NL,0,1,1,0,0,0,4.1,6,7,0,2,0,6,3,cavalca01
Dylan Cease,CHW,AL,14,8,32,1,1,0,184.0,126,45,16,78,2,227,3,ceasedy01
Luis Cessa,CIN,NL,4,4,46,0,0,0,80.2,76,41,14,28,0,59,2,cessalu01
Jhoulys Chacin,COL,NL,4,2,35,0,0,0,47.1,55,40,7,21,0,37,2,chacijh01
Andrew Chafin*,DET,AL,2,3,64,0,0,3,57.1,48,18,5,19,0,67,3,chafian01
Yu Chang,TBR,AL,0,0,2,0,0,0,2.0,6,3,1,0,0,0,0,changyu01
Aroldis Chapman*,NYY,AL,4,4,43,0,0,9,36.1,24,18,4,28,0,43,1,chapmar01
JT Chargois,TBR,AL,2,0,21,0,0,0,22.1,16,6,3,5,0,17,2,chargjt01
Jesse Chavez,TOT,MLB,4,3,60,0,0,0,69.1,71,29,8,20,0,74,1,chaveje01
Yonny Chirinos,TBR,AL,1,0,2,0,0,0,7.0,7,0,0,1,0,6,1,chiriyo01
Adam Cimber,TOR,AL,10,6,77,0,0,4,70.2,66,22,6,13,1,58,8,cimbead01
Steve Cishek,WSN,NL,1,4,69,0,0,1,66.1,54,31,11,27,1,74,13,cishest01
Jose Cisnero,DET,AL,1,0,28,0,0,0,25.0,15,3,0,19,0,23,1,cisnejo01
Aaron Civale,CLE,AL,5,6,20,0,0,0,97.0,93,53,14,22,1,98,7,civalaa01
Taylor Clarke,KCR,AL,3,1,47,0,0,3,49.0,50,22,6,8,0,48,1,clarkta01
Emmanuel Clase,CLE,AL,3,4,77,0,0,42,72.2,43,11,3,10,2,77,1,claseem01
Alex Claudio*,NYM,NL,0,0,3,0,0,0,3.1,1,0,0,2,0,2,0,claudal01
Sam Clay*,TOT,NL,0,0,7,0,0,0,5.1,4,5,1,4,0,5,4,claysa01
Garrett Cleavinger*,TOT,MLB,1,1,17,0,0,0,23.0,14,10,2,7,0,32,1,cleavga01
Kody Clemens,DET,AL,0,0,7,0,0,0,7.0,12,3,0,1,0,1,0,clemeko01
Ernie Clement,CLE,AL,0,0,2,0,0,0,2.0,6,4,2,0,0,0,0,clemeer01
Mike Clevinger,SDP,NL,7,7,23,0,0,0,114.1,102,55,20,35,0,91,10,clevimi01
Tyler Clippard,WSN,NL,0,0,4,0,0,0,5.0,6,4,1,4,0,4,3,clippty01
Alex Cobb,SFG,NL,7,8,28,0,0,0,149.2,152,62,9,43,0,151,3,cobbal01
Gerrit Cole,NYY,AL,13,8,33,0,0,0,200.2,154,78,33,50,0,257,2,colege01
Dylan Coleman,KCR,AL,5,2,68,0,0,0,68.0,47,21,5,37,1,71,6,colemdy01
Alex Colome,COL,NL,2,7,53,0,0,4,47.0,57,30,5,22,2,32,0,colomal01
Roansy Contreras,PIT,NL,5,5,21,0,0,0,95.0,82,40,13,39,1,86,2,contrro01
Sam Coonrod,PHI,NL,0,0,12,0,0,0,12.2,12,11,1,7,0,12,3,coonrsa01
Patrick Corbin*,WSN,NL,6,19,31,1,0,0,152.2,210,107,27,49,1,128,7,corbipa01
Nestor Cortes*,NYY,AL,12,4,28,1,1,0,158.1,108,43,16,38,0,163,2,cortene01
Jharel Cotton,TOT,MLB,4,2,30,0,0,0,43.0,34,17,7,20,0,39,2,cottojh01
Danny Coulombe*,MIN,AL,0,0,10,0,0,0,12.1,7,2,0,9,0,9,0,couloda01
Jake Cousins,MIL,NL,2,1,12,0,0,0,13.1,10,4,1,8,1,21,2,cousija01
Kutter Crawford,BOS,AL,3,6,21,0,0,0,77.1,81,47,12,29,1,77,2,crawfku01
Kyle Crick,CHW,AL,2,0,14,0,0,0,15.2,10,7,0,11,0,19,2,crickky01
Nabil Crismatt,SDP,NL,5,2,50,0,0,0,67.1,57,22,5,22,1,65,2,crismna01
Cooper Criswell,TBR,AL,0,0,1,0,0,0,3.1,2,1,0,1,0,4,0,criswco01
Wil Crowe,PIT,NL,6,10,60,0,0,4,76.0,68,37,8,38,0,68,3,crowewi01
Fernando Cruz,CIN,NL,0,1,14,0,0,0,14.2,9,2,1,9,0,21,1,cruzfe01
Jesus Cruz,ATL,NL,0,0,7,0,0,0,8.2,8,6,3,4,0,6,1,cruzje01
Jose Cuas,KCR,AL,4,2,47,0,0,1,37.2,39,15,2,24,2,34,6,cuasjo01
Johnny Cueto,CHW,AL,8,10,25,1,0,0,158.1,161,59,15,33,2,102,6,cuetojo01
Charlie Culberson,TEX,AL,0,0,2,0,0,0,2.0,1,0,0,1,0,0,0,culbech01
Xzavion Curry,CLE,AL,0,1,2,0,0,0,9.1,13,6,1,6,0,3,1,curryxz01
Tyler Cyr,TOT,MLB,1,0,12,0,0,0,13.1,11,4,2,5,0,16,1,cyrty01
Tyler Danish,BOS,AL,3,1,32,0,0,0,40.1,40,23,7,12,0,32,4,danisty01
Yu Darvish,SDP,NL,16,8,30,0,0,0,194.2,148,67,22,37,0,197,12,darviyu01
Tucker Davidson*,TOT,MLB,2,7,12,0,0,0,52.0,54,39,7,35,0,33,3,davidtu01
Zach Davies,ARI,NL,2,5,27,0,0,0,134.1,122,61,21,52,0,102,2,davieza02
Austin Davis*,TOT,AL,2,1,52,0,0,0,56.0,57,36,5,33,1,64,5,davisau01
Noah Davis,COL,NL,0,0,1,0,0,0,1.0,3,2,1,1,0,2,0,davisno01
Angel De Jesus,DET,AL,0,0,8,0,0,0,12.2,9,3,2,4,0,7,2,dejesan01
Chase De Jong,PIT,NL,6,3,42,0,0,1,71.2,52,21,10,30,1,59,5,dejonch01
Enyel De Los Santos,CLE,AL,5,0,50,0,0,1,53.1,40,18,3,17,1,61,2,delosen01
Yerry De Los Santos,PIT,NL,0,3,26,0,0,3,25.2,22,14,3,11,1,26,1,delosye01
Jacob deGrom,NYM,NL,5,4,11,0,0,0,64.1,40,22,9,8,0,102,0,degroja01
Matt Dermody*,CHC,NL,0,0,1,0,0,0,1.0,2,2,0,2,1,1,0,dermoma01
Anthony DeSclafani,SFG,NL,0,2,5,0,0,0,19.0,34,14,4,4,0,17,1,desclan01
Reid Detmers*,LAA,AL,7,6,25,1,1,0,129.0,110,54,13,46,1,122,8,detmere01
Ross Detwiler*,CIN,NL,0,2,30,0,0,1,26.1,31,13,5,10,2,28,3,detwiro01
Chris Devenski,TOT,NL,2,1,13,0,0,0,14.2,21,14,3,1,0,12,1,devench02
Alexis Diaz,CIN,NL,7,3,59,0,0,10,63.2,28,13,5,33,3,83,5,diazal03
Edwin Díaz,NYM,NL,3,1,61,0,0,32,62.0,34,9,3,18,1,118,2,diazed04
Jhonathan Diaz*,LAA,AL,1,1,4,0,0,0,15.1,13,5,1,10,0,11,0,diazjh01
Miguel Diaz,DET,AL,0,0,3,0,0,0,3.2,1,1,0,2,0,3,0,diazmi02
Corey Dickerson,STL,NL,0,0,1,0,0,0,1.0,2,0,0,1,0,0,0,dickeco01
Phillip Diehl*,CIN,NL,0,0,5,0,0,0,5.2,8,7,3,3,1,3,0,diehlph01
Jake Diekman*,TOT,AL,5,4,70,0,0,1,57.2,52,32,9,42,2,79,8,diekmja01
Marcos Diplan,BAL,AL,0,0,5,0,0,0,5.2,4,1,0,5,0,8,0,diplama01
Seranthony Dominguez,PHI,NL,6,5,54,0,0,9,51.0,36,17,4,22,1,61,1,dominse01
Sean Doolittle*,WSN,NL,0,0,6,0,0,0,5.1,1,0,0,0,0,6,0,doolise01
Camilo Doval,SFG,NL,6,6,68,0,0,27,67.2,54,19,4,30,2,80,3,dovalca01
Kyle Dowdy,CIN,NL,0,0,2,0,0,0,6.1,5,0,0,3,0,3,1,dowdyky01
Hunter Dozier,KCR,AL,0,0,1,0,0,0,1.0,2,2,1,1,0,0,0,doziehu01
Daniel Duarte,CIN,NL,0,0,3,0,0,0,2.2,3,3,1,3,0,2,0,duartda01
Tyler Duffey,MIN,AL,2,4,40,0,0,2,44.0,45,24,8,15,1,39,1,duffety01
Robert Dugger,TOT,MLB,0,1,4,0,0,0,16.0,19,11,3,7,0,19,0,duggero01
Justin Dunn,CIN,NL,1,3,7,0,0,0,31.0,32,21,11,17,0,21,3,dunnju01
Dane Dunning,TEX,AL,4,8,29,0,0,0,153.1,158,76,20,62,0,137,11,dunnida01
Jhoan Duran,MIN,AL,2,4,57,0,0,8,67.2,50,14,6,16,3,89,4,duranjh01
Nick Duron,PHI,NL,0,0,1,0,0,0,1.0,2,0,0,0,0,1,0,duronni01
Carl Edwards Jr.,WSN,NL,6,3,57,0,0,2,62.0,51,19,8,25,0,56,1,edwarca01
Scott Effross,TOT,MLB,1,4,60,0,0,4,56.2,45,16,3,15,3,62,1,effrosc01
Zach Eflin,PHI,NL,3,5,20,0,0,1,75.2,70,34,8,15,1,65,5,eflinza01
Jerad Eickhoff,PIT,NL,0,1,1,0,0,0,4.1,10,10,2,1,0,4,3,eickhje01
Bryce Elder,ATL,NL,2,4,10,1,1,0,54.0,44,19,4,23,1,47,3,elderbr01
Roenis Elias*,SEA,AL,0,0,7,0,0,0,7.2,7,3,1,3,0,6,0,eliasro01
Chris Ellis,BAL,AL,0,0,2,0,0,0,4.1,5,5,0,6,0,2,1,ellisch01
Nathan Eovaldi,BOS,AL,6,3,20,2,1,0,109.1,115,47,21,20,0,103,1,eovalna01
Robbie Erlin*,LAD,NL,0,0,2,0,0,0,2.0,2,2,1,1,0,1,0,erlinro01
Alcides Escobar,WSN,NL,0,0,2,0,0,0,1.2,3,2,0,1,0,0,1,escobal02
Raynel Espinal,CIN,NL,0,1,2,0,0,0,4.2,6,4,1,1,0,5,0,espinra01
Paolo Espino,WSN,NL,0,9,42,1,0,0,113.1,131,61,24,24,0,92,2,espinpa01
Anderson Espinoza,CHC,NL,0,2,7,0,0,0,18.1,14,11,4,16,0,19,4,espinan01
Carlos Estevez,COL,NL,4,4,62,0,0,2,57.0,44,22,7,23,1,54,1,estevca01
Jeremiah Estrada,CHC,NL,0,0,5,0,0,0,5.2,6,2,1,3,0,8,0,estraje01
Alex Faedo,DET,AL,1,5,12,0,0,0,53.2,63,33,7,25,0,44,1,faedoal01
Pete Fairbanks,TBR,AL,0,0,24,0,0,8,24.0,13,3,1,3,0,38,0,fairbpe01
Bailey Falter*,PHI,NL,6,4,20,0,0,0,84.0,85,36,16,17,0,74,6,falteba01
Jeurys Familia,TOT,MLB,2,3,48,0,0,0,44.1,58,30,7,22,2,41,2,familje01
Buck Farmer,CIN,NL,2,2,44,0,0,2,47.0,36,20,2,25,0,54,1,farmebu01
Luke Farrell,TOT,NL,0,0,6,0,0,0,15.0,18,9,3,7,0,14,0,farrelu01
Calvin Faucher,TBR,AL,2,3,22,0,0,1,21.1,26,13,4,10,0,21,1,fauchca01
Erick Fedde,WSN,NL,6,13,27,0,0,0,127.0,149,82,21,58,0,94,0,feddeer01
Michael Feliz,BOS,AL,0,0,1,0,0,0,3.1,1,1,1,2,0,4,0,felizmi01
Ryan Feltner,COL,NL,4,9,20,0,0,0,97.1,102,63,16,35,0,84,5,feltnry01
Caleb Ferguson*,LAD,NL,1,0,37,0,0,0,34.2,23,7,1,17,0,37,2,ferguca01
Junior Fernandez,TOT,NL,0,0,16,0,0,0,18.2,18,5,3,12,0,14,1,fernaju01
Matthew Festa,SEA,AL,2,0,53,0,0,2,54.0,43,25,10,18,0,64,2,festama01
J.P. Feyereisen,TBR,AL,4,0,22,0,0,1,24.1,7,0,0,5,0,25,0,feyerjo01
Kyle Finnegan,WSN,NL,6,4,66,0,0,11,66.2,54,26,9,22,2,70,0,finneky01
Nate Fisher*,NYM,NL,0,0,1,0,0,0,3.0,1,0,0,2,0,1,0,fishena01
Jake Fishman*,MIA,NL,0,0,7,0,0,0,11.0,13,5,0,0,0,6,3,fishmja01
Jack Flaherty,STL,NL,2,1,9,0,0,0,36.0,36,17,4,22,0,33,5,flaheja01
Josh Fleming*,TBR,AL,2,5,10,0,0,0,35.0,54,25,5,12,1,29,1,flemijo01
Aaron Fletcher*,PIT,NL,0,1,9,0,0,0,11.2,10,9,2,4,0,6,3,fletcaa01
Chris Flexen,SEA,AL,8,9,33,0,0,2,137.2,132,57,17,51,3,95,2,flexech01
Dylan Floro,MIA,NL,1,3,56,0,0,10,53.2,48,18,4,15,3,48,0,florody01
Jason Foley,DET,AL,1,0,60,0,0,0,60.1,72,26,2,11,0,43,2,foleyja01
Mike Ford,ATL,NL,0,0,1,0,0,0,1.0,1,2,1,1,0,0,0,fordmi01
Matt Foster,CHW,AL,1,2,48,0,0,1,45.0,43,22,6,17,1,42,0,fostema01
Bowden Francis,TOR,AL,0,0,1,0,0,0,0.2,1,0,0,0,0,1,0,francbo01
Kyle Freeland*,COL,NL,9,11,31,0,0,0,174.2,193,88,19,53,0,131,16,freelky01
Luis Frias,ARI,NL,1,1,15,0,0,0,17.0,23,20,1,17,0,14,1,friaslu01
Max Fried*,ATL,NL,14,7,30,0,0,0,185.1,156,51,12,32,2,170,4,friedma01
Paul Fry*,TOT,MLB,0,0,13,0,0,0,13.0,11,9,1,9,0,14,2,frypa01
Michael Fulmer,TOT,AL,5,6,67,0,0,3,63.2,59,24,4,28,6,61,5,fulmemi01
Hunter Gaddis,CLE,AL,0,2,2,0,0,0,7.1,15,15,7,3,0,5,0,gaddihu01
Matt Gage*,TOR,AL,0,1,11,0,0,0,13.0,6,2,1,6,1,12,1,gagema01
Giovanny Gallegos,STL,NL,3,6,57,0,0,14,59.0,42,20,6,18,1,73,0,gallegi01
Zac Gallen,ARI,NL,12,4,31,0,0,0,184.0,121,52,15,47,0,192,12,galleza01
Bryan Garcia,DET,AL,2,0,4,0,0,0,20.1,14,8,3,10,0,17,3,garcibr01
Jarlin Garcia*,SFG,NL,1,4,58,0,0,1,65.0,60,27,10,18,1,56,1,garcija04
Luis Garcia,SDP,NL,4,6,64,0,0,3,61.0,57,23,3,17,0,68,5,garcilu03
Luis Garcia,HOU,AL,15,8,28,0,0,0,157.1,131,65,23,47,0,157,1,garcilu05
Rico Garcia,BAL,AL,0,0,6,0,0,0,8.0,8,4,2,3,0,2,0,garciri01
Rony Garcia,DET,AL,3,3,16,0,0,0,51.0,40,25,9,13,0,48,4,garciro03
Yimi Garcia,TOR,AL,4,5,61,0,0,1,61.0,48,21,6,16,3,58,4,garciyi01
Amir Garrett*,KCR,AL,3,1,60,0,0,0,45.1,28,25,0,32,0,49,5,garream01
Braxton Garrett*,MIA,NL,3,7,17,0,0,0,88.0,86,35,9,24,1,90,10,garrebr01
Reed Garrett,WSN,NL,0,1,7,0,0,0,9.1,13,7,1,8,1,6,1,garrere01
Ralph Garza,TBR,AL,2,2,19,0,0,0,35.0,38,13,4,16,2,17,2,garzara01
Kevin Gausman,TOR,AL,12,10,31,0,0,0,174.2,188,65,15,28,0,205,1,gausmke01
Domingo German,NYY,AL,2,5,15,0,0,0,72.1,65,29,11,19,0,58,4,germado01
Franklin German,BOS,AL,0,0,5,0,0,0,4.0,7,8,2,4,0,4,0,germafr02
Ian Gibaut,TOT,MLB,1,2,34,0,0,1,36.0,39,18,3,18,0,48,1,gibauia01
Kyle Gibson,PHI,NL,10,8,31,0,0,0,167.2,176,94,24,48,0,144,9,gibsoky01
Luis Gil,NYY,AL,0,0,1,0,0,0,4.0,5,4,0,2,0,5,0,gillu01
Logan Gilbert,SEA,AL,13,6,32,0,0,0,185.2,170,66,19,49,2,174,6,gilbelo01
Tyler Gilbert*,ARI,NL,0,3,8,0,0,0,34.1,33,20,8,10,1,20,1,gilbety01
Lucas Gilbreath*,COL,NL,2,0,47,0,0,0,43.0,37,20,2,26,0,49,4,gilbrlu01
Ken Giles,SEA,AL,0,0,5,0,0,0,4.1,1,0,0,4,0,6,0,gileske01
Logan Gillaspie,BAL,AL,1,0,17,0,0,0,17.1,20,6,1,3,0,10,2,gillalo01
Kevin Ginkel,ARI,NL,1,1,30,0,0,1,29.1,27,11,1,11,0,30,1,ginkeke01
Lucas Giolito,CHW,AL,11,9,30,0,0,0,161.2,171,88,24,61,1,177,4,giolilu01
Mychal Givens,TOT,NL,7,3,59,0,0,2,61.1,56,23,8,25,4,71,5,givenmy01
Tyler Glasnow,TBR,AL,0,0,2,0,0,0,6.2,4,1,1,2,0,10,0,glasnty01
Austin Gomber*,COL,NL,5,7,33,0,0,0,124.2,137,77,20,34,1,95,2,gombeau01
Tony Gonsolin,LAD,NL,16,1,24,0,0,0,130.1,79,31,11,35,1,119,4,gonsoto01
Marco Gonzales*,SEA,AL,10,15,32,0,0,0,183.0,194,84,30,50,1,103,7,gonzama02
Chi Chi Gonzalez,TOT,MLB,0,1,7,0,0,0,23.0,28,15,5,7,0,15,0,gonzach01
Luis Gonzalez*,SFG,NL,0,0,5,0,0,0,6.1,9,4,0,1,0,0,0,gonzalu03
Marwin Gonzalez,NYY,AL,0,0,1,0,0,0,0.1,0,0,0,0,0,0,0,gonzama01
Nick Gordon,MIN,AL,0,0,4,0,0,0,3.2,10,9,2,4,0,0,0,gordoni01
MacKenzie Gore*,SDP,NL,4,4,16,0,0,0,70.0,66,35,7,37,0,72,4,gorema01
Anthony Gose*,CLE,AL,3,0,22,0,0,0,21.0,15,11,4,14,1,28,1,gosean01
Phil Gosselin,LAA,AL,0,0,1,0,0,0,1.0,0,0,0,0,0,0,0,gosseph01
Trevor Gott,MIL,NL,3,4,45,0,0,0,45.2,35,21,8,12,0,44,3,gotttr01
Ashton Goudeau,COL,NL,1,0,12,0,0,1,20.1,25,16,3,10,0,16,0,goudeas01
Brusdar Graterol,LAD,NL,2,4,46,0,0,4,49.2,39,18,3,10,1,43,3,gratebr01
Kendall Graveman,CHW,AL,3,4,65,0,0,6,65.0,65,23,5,26,2,66,3,graveke01
Jon Gray,TEX,AL,7,7,24,0,0,0,127.1,105,56,17,39,0,134,6,grayjo02
Josiah Gray,WSN,NL,7,10,28,0,0,0,148.2,136,83,38,66,1,154,8,grayjo03
Sonny Gray,MIN,AL,8,5,24,0,0,0,119.2,99,41,11,36,0,117,6,grayso01
Chad Green,NYY,AL,1,1,14,0,0,1,15.0,13,5,1,5,0,16,0,greench03
Hunter Greene,CIN,NL,5,13,24,1,1,0,125.2,104,62,24,48,0,164,10,greenhu01
Shane Greene,TOT,MLB,1,0,2,0,0,0,3.0,3,2,1,1,0,2,0,greensh02
Zack Greinke,KCR,AL,4,9,26,0,0,0,137.0,157,56,14,27,0,73,3,greinza01
Randal Grichuk,COL,NL,0,0,1,0,0,0,1.0,0,0,0,0,0,0,0,grichra01
Foster Griffin*,TOT,AL,0,0,6,0,0,0,6.1,7,6,0,5,0,4,1,grifffo01
Justin Grimm,OAK,AL,0,0,15,0,0,0,15.1,18,7,1,7,0,11,2,grimmju01
Michael Grove,LAD,NL,1,0,7,0,0,0,29.1,32,15,6,10,1,24,0,grovemi01
Robert Gsellman,CHC,NL,0,2,8,0,0,1,15.1,17,8,2,3,0,9,0,gsellro01
Javy Guerra,TOT,MLB,2,1,18,0,0,0,18.0,16,10,3,11,2,10,1,guerrja02
Jandel Gustave,MIL,NL,2,0,27,0,0,0,28.0,25,12,4,11,0,27,2,gustaja01
Vladimir Gutiérrez,CIN,NL,1,6,10,0,0,0,36.2,46,31,8,24,1,29,6,gutievl01
Josh Hader*,TOT,NL,2,5,56,0,0,36,50.0,43,29,8,21,0,81,4,haderjo01
Jake Hager,ARI,NL,0,0,3,0,0,0,2.1,3,2,0,0,0,1,0,hagerja01
Darick Hall,PHI,NL,0,0,1,0,0,0,0.1,1,0,0,0,0,0,0,hallda02
DL Hall*,BAL,AL,1,1,11,0,0,1,13.2,17,9,0,6,0,19,0,halldl01
Ian Hamilton,MIN,AL,0,0,1,0,0,0,2.2,3,2,1,1,0,0,0,hamilia01
Brad Hand*,PHI,NL,3,2,55,0,0,5,45.0,37,14,2,23,1,38,6,handbr01
Josh Harrison,CHW,AL,0,0,3,0,0,0,3.0,9,6,1,2,0,2,0,harrijo05
Hunter Harvey,WSN,NL,2,1,38,0,0,0,39.1,33,11,1,12,0,45,0,harvehu01
Thomas Hatch,TOR,AL,0,1,1,0,0,0,4.2,12,10,3,2,0,4,1,hatchto01
Louis Head,TOT,MLB,0,0,28,0,0,1,28.2,32,20,4,15,1,26,5,headlo01
Andrew Heaney*,LAD,NL,4,4,16,0,0,0,72.2,60,25,14,19,0,110,9,heanean01
Taylor Hearn*,TEX,AL,6,8,31,0,0,1,100.0,107,57,11,43,0,97,3,hearnta01
Jonathan Heasley,KCR,AL,4,10,21,0,0,0,104.0,108,61,19,47,0,70,6,heasljo01
Ryan Helsley,STL,NL,9,1,54,0,0,19,64.2,28,9,6,20,1,94,0,helslry01
Heath Hembree,TOT,NL,3,1,26,0,0,0,22.0,26,18,6,17,2,17,0,hembrhe01
Kyle Hendricks,CHC,NL,4,6,16,0,0,0,84.1,85,45,15,24,0,66,3,hendrky01
Liam Hendriks,CHW,AL,4,4,58,0,0,37,57.2,44,18,7,16,1,85,2,hendrli01
Ryan Hendrix,CIN,NL,0,0,9,0,0,0,8.1,9,5,0,6,1,9,2,hendrry01
Ronny Henriquez,MIN,AL,0,1,3,0,0,0,11.2,8,3,1,3,0,9,2,henriro01
Tommy Henry*,ARI,NL,3,4,9,0,0,0,47.0,47,28,10,21,1,36,3,henryto01
Sam Hentges*,CLE,AL,3,2,57,0,0,1,62.0,41,16,3,19,1,72,3,hentgsa01
Jimmy Herget,LAA,AL,2,1,49,0,0,9,69.0,48,19,4,15,3,63,3,hergeji01
Kevin Herget,TBR,AL,0,1,3,0,0,0,7.0,9,6,0,0,0,4,0,hergeke01
Carlos Hernandez,KCR,AL,0,5,27,0,0,0,56.0,72,46,7,31,1,35,1,hernaca04
Darwinzon Hernandez*,BOS,AL,0,1,7,0,0,0,6.2,14,16,4,8,0,9,2,hernada02
Elieser Hernandez,MIA,NL,3,6,20,0,0,0,62.1,67,44,19,22,1,60,4,hernael01
Jonathan Hernandez,TEX,AL,2,3,29,0,0,4,30.1,26,10,2,17,3,27,1,hernajo02
Jordan Hicks,STL,NL,3,6,35,0,0,0,61.1,46,33,5,35,0,63,7,hicksjo03
Garrett Hill,DET,AL,3,3,17,0,0,0,60.1,53,27,8,29,0,40,4,hillga02
Rich Hill*,BOS,AL,8,7,26,0,0,0,124.1,125,59,15,37,0,109,4,hillri01
Tim Hill*,SDP,NL,3,0,55,0,0,0,48.0,45,19,1,14,1,25,4,hillti01
Sean Hjelle,SFG,NL,1,2,8,0,0,0,25.0,33,16,3,8,0,28,1,hjellse01
Bryan Hoeing,MIA,NL,1,1,8,0,0,0,12.2,19,17,5,5,0,6,0,hoeinbr01
Jeff Hoffman,CIN,NL,2,0,35,0,0,0,44.2,40,19,5,23,1,45,3,hoffmje02
Colin Holderman,TOT,NL,5,0,24,0,0,0,28.1,20,12,0,14,1,24,4,holdeco01
Greg Holland,TEX,AL,0,1,5,0,0,0,4.2,6,4,3,1,0,5,0,hollagr01
Jordan Holloway,MIA,NL,0,0,1,0,0,0,2.2,3,1,0,1,0,2,0,hollojo01
Gavin Hollowell,COL,NL,0,2,6,0,0,0,7.0,7,6,1,4,0,8,0,holloga01
Clay Holmes,NYY,AL,7,4,62,0,0,20,63.2,45,18,2,20,2,65,9,holmecl01
Tyler Holton*,ARI,NL,0,0,10,0,0,0,9.0,8,3,1,2,0,6,1,holtoty01
Tanner Houck,BOS,AL,5,4,32,0,0,8,60.0,49,21,3,22,3,56,6,houckta01
Adrian Houser,MIL,NL,6,10,22,0,0,0,102.2,103,54,8,47,1,69,2,housead01
Sam Howard*,PIT,NL,0,0,3,0,0,0,2.0,2,2,1,4,0,1,1,howarsa01
Spencer Howard,TEX,AL,2,4,10,0,0,0,37.2,50,31,12,15,1,32,1,howarsp01
Dakota Hudson,STL,NL,8,7,27,0,0,0,139.2,141,69,9,61,0,78,9,hudsoda02
Daniel Hudson,LAD,NL,2,3,25,0,0,5,24.1,17,6,1,5,0,30,2,hudsoda01
Brandon Hughes*,CHC,NL,2,3,57,0,0,8,57.2,42,20,11,21,3,68,6,hughebr01
Tommy Hunter,NYM,NL,0,1,18,0,0,0,22.1,21,6,4,6,0,22,0,hunteto02
Drew Hutchison,DET,AL,3,9,28,0,0,0,105.1,114,53,15,42,1,68,2,hutchdr01
Raisel Iglesias,TOT,MLB,2,6,67,0,0,17,62.0,46,17,5,14,1,78,3,iglesra01
Cole Irvin*,OAK,AL,9,13,30,0,0,0,181.0,174,80,25,36,3,128,7,irvinco01
Andre Jackson,LAD,NL,0,0,4,0,0,1,9.2,9,2,0,4,0,9,0,jacksan01
Jay Jackson,ATL,NL,0,0,2,0,0,0,1.1,1,0,0,0,0,1,0,jacksja01
Zach Jackson,OAK,AL,2,3,54,0,0,3,48.0,28,16,1,33,3,67,2,jacksza02
Drey Jameson,ARI,NL,3,0,4,0,0,0,24.1,20,4,2,7,0,24,1,jamesdr01
Kenley Jansen,ATL,NL,5,2,65,0,0,41,64.0,45,24,8,22,3,85,2,janseke01
Cristian Javier,HOU,AL,11,9,30,0,0,0,148.2,89,42,17,52,0,194,6,javiecr01
Griffin Jax,MIN,AL,7,4,65,0,0,1,72.1,56,27,7,20,3,78,3,jaxgr01
Daulton Jefferies,OAK,AL,1,7,8,0,0,0,39.1,46,25,4,8,0,28,2,jeffeda01
Dany Jimenez,OAK,AL,3,4,34,0,0,11,34.1,23,13,2,18,4,34,0,jimenda01
Joe Jimenez,DET,AL,3,2,62,0,0,2,56.2,49,22,4,13,0,77,0,jimenjo02
Pierce Johnson,SDP,NL,1,2,15,0,0,0,14.1,14,8,1,8,0,21,0,johnspi01
Damon Jones*,PHI,NL,0,0,4,0,0,0,4.2,4,5,0,5,0,5,3,jonesda07
Jakob Junis,SFG,NL,5,7,23,0,0,0,112.0,120,55,13,25,0,98,4,junisja01
Janson Junk,LAA,AL,1,1,3,0,0,0,8.1,10,6,1,3,0,11,0,junkja01
Tommy Kahnle,LAD,NL,0,0,13,0,0,1,12.2,5,4,2,3,0,14,3,kahnlto01
James Kaprielian,OAK,AL,5,9,26,0,0,0,134.0,121,63,16,59,0,98,5,kaprija01
James Karinchak,CLE,AL,2,0,38,0,0,3,39.0,22,9,2,21,0,62,1,karinja01
Anthony Kay*,TOR,AL,0,0,1,0,0,0,2.0,2,1,0,1,0,3,1,kayan01
Brad Keller,KCR,AL,6,14,35,0,0,1,139.2,153,79,17,57,1,102,2,kellebr01
Mitch Keller,PIT,NL,5,12,31,0,0,0,159.0,162,69,14,60,1,138,12,kellemi03
Trevor Kelley,MIL,NL,1,0,18,0,0,0,23.2,25,16,7,9,0,23,2,kelletr01
Carson Kelly,ARI,NL,0,0,4,0,0,0,4.2,9,4,1,2,0,0,0,kellyca02
Joe Kelly,CHW,AL,1,3,43,0,0,1,37.0,36,25,2,23,0,53,3,kellyjo05
Merrill Kelly,ARI,NL,13,8,33,0,0,0,200.1,167,75,21,61,2,177,2,kellyme01
Michael Kelly,PHI,NL,0,0,4,0,0,0,4.0,3,1,1,1,0,4,1,kellymi03
Zack Kelly,BOS,AL,1,0,13,0,0,0,13.2,14,6,2,4,0,11,0,kellyza01
Ian Kennedy,ARI,NL,4,7,57,0,0,10,50.1,57,30,11,22,3,44,1,kenneia01
Ray Kerr*,SDP,NL,0,0,7,0,0,0,5.0,3,5,1,4,0,3,0,kerrra01
Clayton Kershaw*,LAD,NL,12,3,22,0,0,0,126.1,96,32,10,23,0,137,2,kershcl01
Dallas Keuchel*,TOT,MLB,2,9,14,0,0,0,60.2,94,62,11,31,2,45,0,keuchda01
Yusei Kikuchi*,TOR,AL,6,7,32,0,0,1,100.2,93,58,23,58,0,124,9,kikucyu01
Caleb Kilian,CHC,NL,0,2,3,0,0,0,11.1,11,13,0,12,1,9,1,kiliaca01
Craig Kimbrel,LAD,NL,6,7,63,0,0,22,60.0,51,25,4,28,2,72,5,kimbrcr01
John King*,TEX,AL,1,4,39,0,0,0,51.1,61,23,5,14,3,30,1,kingjo01
Michael King,NYY,AL,6,3,34,0,0,1,51.0,35,13,3,16,2,66,0,kingmi01
Tyler Kinley,COL,NL,1,1,25,0,0,0,24.0,21,2,0,6,0,27,1,kinlety01
George Kirby,SEA,AL,8,5,25,0,0,0,130.0,135,49,13,22,0,133,5,kirbyge01
Andrew Kittredge,TBR,AL,3,1,17,0,0,5,20.0,15,7,4,2,0,14,0,kittran01
Corey Kluber,TBR,AL,10,10,31,0,0,0,164.0,178,79,20,21,0,139,10,klubeco01
Corey Knebel,PHI,NL,3,5,46,0,0,12,44.2,33,17,4,28,3,41,2,knebeco01
Reiss Knehr,SDP,NL,0,0,5,0,0,0,13.2,11,6,1,4,0,10,4,knehrre01
Dusten Knight,TBR,AL,0,1,6,0,0,0,11.0,11,7,4,4,1,9,0,knighdu01
Andrew Knizner,STL,NL,0,0,1,0,0,0,0.2,1,0,0,0,0,0,0,kniznan01
Matt Koch,SEA,AL,0,0,4,0,0,0,4.1,5,4,2,1,0,3,0,kochma01
Jared Koenig*,OAK,AL,1,3,10,0,0,0,39.1,40,25,4,15,0,22,5,koenija01
Adam Kolarek*,OAK,AL,0,1,15,0,0,0,17.2,20,9,1,8,0,9,3,kolarad01
Michael Kopech,CHW,AL,5,9,25,0,0,0,119.1,85,47,15,57,0,105,3,kopecmi01
Jackson Kowar,KCR,AL,0,0,7,0,0,0,15.2,27,17,4,11,0,17,0,kowarja01
Max Kranick,PIT,NL,0,0,2,0,0,0,5.0,3,0,0,3,0,4,0,kranima01
Joey Krehbiel,BAL,AL,5,5,56,0,0,1,57.2,53,25,9,18,1,45,3,krehbjo01
Dean Kremer,BAL,AL,8,7,22,1,1,0,125.1,123,45,11,34,0,87,5,kremede01
Chad Kuhl,COL,NL,6,11,27,1,1,0,137.0,155,87,25,58,1,110,5,kuhlch01
Joel Kuhnel,CIN,NL,2,3,53,0,0,1,58.0,67,41,8,14,1,56,5,kuhnejo01
A.J. Ladwig,MIA,NL,0,0,1,0,0,0,3.1,6,4,2,0,0,0,0,ladwiaj01
Travis Lakins Sr.,BAL,AL,0,1,6,0,0,0,10.1,14,11,3,6,0,8,1,lakintr01
Jimmy Lambert,CHW,AL,1,2,42,0,0,0,47.0,40,17,4,24,0,45,1,lambeji01
Dinelson Lamet,TOT,NL,1,2,32,0,0,0,32.1,30,22,4,19,0,45,4,lametdi01
Alex Lange,DET,AL,7,4,71,0,0,0,63.1,48,26,5,31,1,82,5,langeal01
Eric Lauer*,MIL,NL,11,7,29,0,0,0,158.2,135,65,27,59,0,157,2,lauerer01
Derek Law,TOT,MLB,2,3,17,0,0,0,19.2,23,9,3,8,0,17,2,lawde01
Casey Lawrence,TOR,AL,0,1,6,0,0,0,18.0,23,15,5,4,0,11,1,lawreca01
Justin Lawrence,COL,NL,3,1,38,0,0,1,42.2,44,27,3,22,0,48,1,lawreju01
Jose Leclerc,TEX,AL,0,3,39,0,0,7,47.2,33,15,5,21,0,54,3,leclejo01
Dylan Lee*,ATL,NL,5,1,46,0,0,0,50.2,40,12,5,10,1,59,0,leedy01
Evan Lee*,WSN,NL,0,1,4,0,0,0,8.2,9,4,1,7,0,7,1,leeev01
Mark Leiter Jr.,CHC,NL,2,7,35,0,0,3,67.2,52,30,10,25,2,73,7,leitema02
Jacob Lemoine,OAK,AL,0,0,9,0,0,0,16.1,18,14,4,7,1,13,0,lemoija01
Sandy Leon,CLE,AL,0,0,1,0,0,0,2.0,0,0,0,0,0,0,0,leonsa01
Dominic Leone,SFG,NL,4,5,55,0,0,3,49.1,55,22,6,24,5,52,0,leonedo01
Matthew Liberatore*,STL,NL,2,2,9,0,0,0,34.2,42,23,5,18,0,28,1,liberma01
Zack Littell,SFG,NL,3,3,39,0,0,1,44.1,48,25,8,13,0,39,1,litteza01
Brendon Little*,CHC,NL,0,1,1,0,0,0,0.2,2,3,1,1,0,0,1,littlbr02
Mauricio Llovera,SFG,NL,0,0,17,0,0,0,16.1,14,8,2,8,1,20,0,llovema01
Jonathan Loaisiga,NYY,AL,2,3,50,0,0,2,48.0,43,22,3,19,1,37,0,loaisjo01
Nick Lodolo*,CIN,NL,4,7,19,0,0,0,103.1,90,42,13,39,0,131,19,lodolni01
Zach Logue*,OAK,AL,3,8,14,0,0,0,57.0,68,43,13,20,0,42,2,logueza01
Sam Long*,SFG,NL,1,3,28,0,0,1,42.1,39,17,8,14,1,33,1,longsa01
Alejo Lopez,CIN,NL,0,0,3,0,0,0,2.2,2,2,2,0,0,0,0,lopezal03
Jorge Lopez,TOT,AL,4,7,67,0,0,23,71.0,53,20,4,31,5,72,7,lopezjo02
Nicky Lopez,KCR,AL,0,0,1,0,0,0,1.0,3,2,2,0,0,0,0,lopezni01
Pablo Lopez,MIA,NL,10,10,32,0,0,0,180.0,157,75,21,53,1,174,8,lopezpa01
Reynaldo Lopez,CHW,AL,6,4,61,0,0,0,65.1,51,20,1,11,1,63,1,lopezre01
Yoan López,NYM,NL,1,0,8,0,0,0,11.0,14,7,2,5,1,10,1,lopezyo01
Michael Lorenzen,LAA,AL,8,6,18,0,0,0,97.2,81,46,11,44,0,85,4,lorenmi01
Aaron Loup*,LAA,AL,0,5,65,0,0,1,58.2,54,25,4,22,3,52,8,loupaa01
Zac Lowther*,BAL,AL,0,0,1,0,0,0,5.1,8,5,0,2,0,1,1,lowthza01
Lucas Luetge*,NYY,AL,4,4,50,0,0,2,57.1,63,17,4,17,1,60,4,luetglu01
Seth Lugo,NYM,NL,3,2,62,0,0,3,65.0,58,26,9,18,1,69,3,lugose01
Jesus Luzardo*,MIA,NL,4,7,18,0,0,0,100.1,69,37,10,35,0,120,2,luzarje01
Jordan Lyles,BAL,AL,12,11,32,1,0,0,179.0,196,88,26,52,0,144,8,lylesjo01
Daniel Lynch*,KCR,AL,4,13,27,0,0,0,131.2,155,75,21,52,2,122,5,lynchda02
Lance Lynn,CHW,AL,8,7,21,0,0,0,121.2,120,54,19,19,0,124,10,lynnla01
Andres Machado,WSN,NL,2,0,51,0,0,0,59.1,55,22,7,26,0,46,2,machaan02
Tyler Mahle,TOT,MLB,6,8,23,0,0,0,120.2,104,59,16,43,0,126,2,mahlety01
Sean Manaea*,SDP,NL,8,9,30,0,0,0,158.0,155,87,29,50,1,156,3,manaese01
Matt Manning,DET,AL,2,3,12,0,0,0,63.0,55,24,6,19,0,48,1,mannima02
Alek Manoah,TOR,AL,16,7,31,0,0,0,196.2,144,49,16,51,0,180,15,manoaal01
Joe Mantiply*,ARI,NL,2,5,69,0,0,2,60.0,59,19,6,6,0,61,3,mantijo01
Ron Marinaccio,NYY,AL,1,0,40,0,0,0,44.0,22,10,2,24,0,56,6,marinro01
Parker Markel,OAK,AL,0,0,3,0,0,0,3.0,1,0,0,5,0,3,0,markepa01
German Marquez,COL,NL,9,13,31,0,0,0,181.2,185,101,30,63,0,150,4,marquge01
Jose Marte,LAA,AL,0,0,11,0,0,0,11.0,8,9,2,18,0,15,0,martejo01
Yunior Marte,SFG,NL,1,1,39,0,0,0,48.0,47,29,5,22,0,44,6,marteyu01
Brett Martin*,TEX,AL,1,7,55,0,0,3,50.0,50,23,4,18,3,40,0,martibr01
Chris Martin,TOT,NL,4,1,60,0,0,2,56.0,50,19,6,5,1,74,1,martich02
Corbin Martin,ARI,NL,0,1,7,0,0,0,22.1,25,12,3,12,0,21,0,martico02
Davis Martin,CHW,AL,3,6,14,0,0,0,63.1,63,34,8,19,1,48,3,martida03
Adrian Martinez,OAK,AL,4,6,12,0,0,0,57.2,69,40,13,19,1,53,3,martiad01
Nick Martinez,SDP,NL,4,4,47,0,0,8,106.1,96,41,15,41,0,95,4,martini01
Seth Martinez,HOU,AL,1,1,29,0,0,0,38.2,26,9,3,14,1,38,1,martise01
Nick Maton,PHI,NL,0,0,2,0,0,0,1.1,4,3,0,0,0,0,0,matonni01
Phil Maton,HOU,AL,0,2,67,0,0,0,65.2,58,28,10,24,2,73,8,matonph01
Steven Matz*,STL,NL,5,3,15,0,0,0,48.0,50,28,8,10,0,54,2,matzst01
Tyler Matzek*,ATL,NL,4,2,42,0,0,1,43.2,26,17,3,29,2,36,2,matzety01
Dustin May,LAD,NL,2,3,6,0,0,0,30.0,21,15,3,14,0,29,5,maydu01
Trevor May,NYM,NL,2,0,26,0,0,1,25.0,27,14,4,9,0,30,0,maytr01
Mike Mayers,LAA,AL,1,1,24,0,0,0,50.2,52,32,15,18,0,45,2,mayermi01
Jack Mayfield,LAA,AL,0,0,1,0,0,0,1.0,1,0,0,0,0,0,0,mayfija01
Tim Mayza*,TOR,AL,8,1,63,0,0,2,48.2,42,17,7,12,2,44,1,mayzati01
Chris Mazza,TBR,AL,1,0,2,0,0,0,5.1,9,7,3,6,0,5,2,mazzach01
Kirk McCarty*,CLE,AL,4,3,13,0,0,0,37.2,37,19,11,13,1,26,1,mccarki01
Shane McClanahan*,TBR,AL,12,8,28,0,0,0,166.1,116,47,19,38,1,194,3,mcclash01
Lance McCullers Jr.,HOU,AL,4,2,8,0,0,0,47.2,37,12,4,22,0,50,0,mcculla02
T.J. McFarland*,STL,NL,0,0,28,0,0,0,32.2,42,24,5,11,0,16,2,mcfartj01
Easton McGee,TBR,AL,0,0,1,0,0,0,3.0,4,0,0,0,0,1,0,mcgeeea01
Jake McGee*,TOT,NL,1,3,42,0,0,3,37.0,41,28,6,12,1,25,0,mcgeeja01
Reese McGuire,BOS,AL,0,0,1,0,0,0,1.0,0,0,0,0,0,0,0,mcguire01
Collin McHugh,ATL,NL,3,2,58,0,0,0,69.1,51,20,5,14,1,75,5,mchugco01
David McKay,TOT,AL,0,0,4,0,0,0,6.2,8,5,1,4,0,3,0,mckayda02
Ryan McKenna,BAL,AL,0,0,2,0,0,0,1.1,5,2,0,1,0,0,0,mckenry01
Triston McKenzie,CLE,AL,11,11,31,0,0,0,191.1,138,63,25,44,0,190,5,mckentr01
John Means*,BAL,AL,0,0,2,0,0,0,8.0,8,3,0,2,0,7,0,meansjo01
Nick Mears,PIT,NL,0,0,2,0,0,0,2.0,1,0,0,1,0,2,0,mearsni01
Adonis Medina,NYM,NL,1,0,14,0,0,1,23.2,30,16,2,6,0,17,4,medinad01
Trevor Megill,MIN,AL,4,3,39,0,0,0,45.0,50,24,4,17,0,49,1,megiltr01
Tylor Megill,NYM,NL,4,2,15,0,0,0,47.1,46,27,7,13,0,51,1,megilty01
J.C. Mejia,MIL,NL,0,0,2,0,0,0,2.1,5,6,0,5,0,1,0,mejiaje02
Mark Melancon,ARI,NL,3,10,62,0,0,18,56.0,63,29,5,21,2,35,1,melanma01
Conner Menez*,CHC,NL,0,0,1,0,0,0,1.0,1,0,0,0,0,1,1,menezco01
Daniel Mengden,KCR,AL,0,1,5,0,0,1,7.0,10,4,1,1,0,8,0,mengdda01
Whit Merrifield,TOR,AL,0,0,1,0,0,0,1.0,2,2,1,0,0,0,1,merriwh01
Julian Merryweather,TOR,AL,0,3,26,0,0,0,26.2,31,20,4,7,1,23,2,merryju01
Max Meyer,MIA,NL,0,1,2,0,0,0,6.0,7,5,2,2,0,6,0,meyerma01
Keynan Middleton,ARI,NL,1,2,18,0,0,0,17.0,16,10,5,3,0,15,1,middlke01
Miles Mikolas,STL,NL,12,13,33,1,0,0,202.1,170,74,25,39,0,153,6,mikolmi01
Wade Miley*,CHC,NL,2,2,9,0,0,0,37.0,31,13,3,14,0,28,2,mileywa01
Shelby Miller,SFG,NL,0,1,4,0,0,0,7.0,6,5,0,3,1,14,0,millesh01
Tyson Miller,TEX,AL,1,2,4,0,0,0,10.2,16,13,1,8,0,8,2,millety01
Alec Mills,CHC,NL,0,1,7,0,0,0,17.2,28,19,7,3,1,11,3,millsal02
Wyatt Mills,TOT,AL,0,1,27,0,0,0,29.1,26,15,1,13,2,26,5,millswy01
Hoby Milner*,MIL,NL,3,3,67,0,0,0,64.2,61,27,5,15,0,64,7,milneho01
Tommy Milone*,SEA,AL,1,1,7,0,0,0,16.2,14,10,4,6,0,5,1,milonto01
Juan Minaya,MIN,AL,1,0,6,0,0,0,9.2,8,6,0,5,0,11,3,minayju01
Mike Minor*,CIN,NL,4,12,19,0,0,0,98.0,120,66,24,40,4,76,7,minormi01
A.J. Minter*,ATL,NL,5,4,75,0,0,5,70.0,49,16,5,15,0,94,3,minteaj01
Anthony Misiewicz*,TOT,AL,1,2,32,0,0,0,29.0,27,14,4,10,2,27,0,misiean01
Casey Mize,DET,AL,0,1,2,0,0,0,10.0,13,6,1,2,0,4,0,mizeca01
Yadier Molina,STL,NL,0,0,2,0,0,0,2.0,6,4,2,0,0,1,0,molinya01
Sam Moll*,OAK,AL,2,1,53,0,0,0,43.1,33,14,5,22,6,46,3,mollsa01
Frankie Montas,TOT,AL,5,12,27,0,0,0,144.1,137,65,18,43,3,142,6,montafr02
Rafael Montero,HOU,AL,5,2,71,0,0,14,68.1,47,18,3,23,2,73,2,montera01
Bryce Montes de Oca,NYM,NL,0,0,3,0,0,0,3.1,7,4,0,2,0,6,0,montebr01
Jordan Montgomery*,TOT,MLB,9,6,32,1,1,0,178.1,159,69,21,36,0,158,8,montgjo01
Matt Moore*,TEX,AL,5,2,63,0,0,5,74.0,49,16,3,38,2,83,1,moorema02
Francisco Morales,PHI,NL,0,0,3,0,0,1,5.0,2,4,1,6,0,3,1,moralfr02
Brian Moran*,LAA,AL,0,0,1,0,0,0,0.1,3,2,1,1,1,0,0,moranbr01
Jovani Moran*,MIN,AL,0,1,31,0,0,1,40.2,25,10,0,18,0,54,0,moranjo01
Adrián Morejón*,SDP,NL,5,1,26,0,0,0,34.0,31,16,4,9,1,28,1,morejad01
Dauri Moreta,CIN,NL,0,2,35,0,0,1,38.1,32,23,10,13,1,39,4,moretda01
Eli Morgan,CLE,AL,5,3,50,0,0,0,66.2,46,25,10,13,0,72,2,morgael01
Reyes Moronta,TOT,NL,2,2,39,0,0,2,37.2,30,18,5,18,1,38,2,moronre01
Cody Morris,CLE,AL,1,2,7,0,0,0,23.2,21,6,3,12,0,23,0,morrico01
Charlie Morton,ATL,NL,9,6,31,0,0,0,172.0,149,83,28,63,0,205,18,mortoch02
Kyle Muller*,ATL,NL,1,1,3,0,0,0,12.1,13,11,2,8,0,12,0,mulleky01
Andres Munoz,SEA,AL,2,5,64,0,0,4,65.0,43,18,5,15,3,96,4,munozan01
Penn Murfee,SEA,AL,4,0,64,0,0,0,69.1,48,23,7,18,1,76,2,murfepe01
Patrick Murphy,WSN,NL,0,0,6,0,0,0,5.2,8,4,0,8,0,4,0,murphpa02
Joe Musgrove,SDP,NL,10,7,30,0,0,0,181.0,154,59,22,42,1,184,14,musgrjo01
Parker Mushinski*,HOU,AL,0,0,7,0,0,0,7.1,5,3,0,3,0,8,1,mushipa01
Wil Myers,SDP,NL,0,0,4,0,0,0,3.2,4,3,3,0,0,0,1,myerswi01
James Naile,STL,NL,0,0,7,0,0,0,9.0,8,5,2,2,0,5,0,naileja01
Tommy Nance,MIA,NL,2,3,35,0,0,0,43.2,45,21,5,21,3,57,4,nanceto01
Andrew Nardi*,MIA,NL,1,1,13,0,0,0,14.2,25,16,5,14,0,24,0,nardian01
Packy Naughton*,STL,NL,0,2,26,0,0,1,32.0,39,17,3,7,1,31,1,naughpa01
Nick Neidert,MIA,NL,0,1,1,0,0,0,5.0,5,2,1,0,0,3,0,neideni01
Kyle Nelson*,ARI,NL,2,1,43,0,0,0,37.0,26,9,1,14,0,30,3,nelsoky01
Nick Nelson,PHI,NL,3,2,47,0,0,1,68.2,66,37,1,36,0,69,4,nelsoni01
Ryne Nelson,ARI,NL,1,1,3,0,0,0,18.1,9,3,2,6,1,16,0,nelsory01
Hector Neris,HOU,AL,6,4,70,0,0,3,65.1,49,27,3,17,0,79,6,nerishe01
Sheldon Neuse,OAK,AL,0,0,3,0,0,0,3.2,1,0,0,0,0,0,0,neusesh01
Sean Newcomb*,TOT,NL,2,1,20,0,0,0,27.2,33,27,8,19,0,28,0,newcose01
Vinny Nittoli,PHI,NL,0,0,2,0,0,0,2.0,0,0,0,1,0,1,1,nittovi01
Stephen Nogosek,NYM,NL,1,1,12,0,0,0,22.0,20,6,4,7,0,21,1,nogosst01
Aaron Nola,PHI,NL,11,13,32,2,1,0,205.0,168,74,19,29,1,235,9,nolaaa01
Daniel Norris*,TOT,MLB,2,4,41,0,0,0,58.2,45,34,11,29,0,66,7,norrida01
James Norwood,PHI,NL,1,0,20,0,0,0,17.1,24,16,2,9,0,22,0,norwoja01
Riley O'Brien,SEA,AL,0,0,1,0,0,0,1.0,1,0,0,1,0,1,0,obrieri01
Darren O'Day,ATL,NL,2,2,28,0,0,0,21.2,19,10,3,10,2,26,1,odayda01
Bailey Ober,MIN,AL,2,3,11,0,0,0,56.0,48,20,4,11,0,51,2,oberba01
Jake Odorizzi,TOT,MLB,6,6,22,0,0,0,106.1,106,52,14,35,1,86,3,odorija01
Cristofer Ogando,TBR,AL,0,0,3,0,0,0,4.1,4,2,0,1,0,2,1,ogandcr01
Shohei Ohtani,LAA,AL,15,9,28,0,0,0,166.0,124,43,14,44,0,219,2,ohtansh01
Steven Okert*,MIA,NL,5,5,60,0,0,0,51.1,34,17,7,26,2,63,7,okertst01
Adam Oller,OAK,AL,2,8,19,0,0,0,74.1,82,52,17,39,0,46,2,ollerad01
Kaleb Ort,BOS,AL,1,2,25,0,0,1,28.1,35,20,4,15,2,27,2,ortka01
Oliver Ortega,LAA,AL,1,3,27,0,0,1,34.0,32,14,5,18,0,33,1,ortegol01
Luis Ortiz,SFG,NL,0,0,6,0,0,0,8.2,5,1,0,3,0,6,0,ortizlu02
Luis Ortiz,PIT,NL,0,2,4,0,0,0,16.0,8,8,1,10,0,17,0,ortizlu03
Adam Ottavino,NYM,NL,6,3,66,0,0,3,65.2,48,15,6,16,2,79,5,ottavad01
Glenn Otto,TEX,AL,7,10,27,0,0,0,135.2,119,70,21,62,0,107,13,ottogl01
Connor Overton,CIN,NL,1,0,6,0,0,0,33.0,21,10,1,11,0,14,0,overtco01
Johan Oviedo,TOT,NL,4,3,21,0,0,0,56.0,49,20,5,23,0,54,3,oviedjo01
Chris Owings,BAL,AL,0,0,1,0,0,0,1.0,2,1,0,0,0,0,0,owingch01
Chris Paddack,MIN,AL,1,2,5,0,0,0,22.1,25,10,0,2,0,20,1,paddach01
Nicholas Padilla,CHC,NL,0,0,1,0,0,0,1.2,2,1,0,2,0,1,0,padilni01
Emilio Pagan,MIN,AL,4,6,59,0,0,9,63.0,60,31,12,26,2,84,1,paganem01
Jermaine Palacios,MIN,AL,0,0,2,0,0,0,0.2,1,0,0,0,0,1,0,palacje01
Andre Pallante,STL,NL,6,5,47,0,0,0,108.0,113,38,9,40,2,73,1,pallaan01
Enoli Paredes,HOU,AL,0,0,3,0,0,0,3.0,3,1,0,3,0,2,0,pareden01
Luis Patino,TBR,AL,1,2,6,0,0,0,20.0,26,18,6,13,1,11,1,patinlu01
Spencer Patton,TEX,AL,0,0,7,0,0,0,7.0,4,3,1,3,0,5,2,pattosp01
Joel Payamps,TOT,AL,3,6,41,0,0,0,55.2,60,20,7,16,2,41,2,payamjo01
Matt Peacock,TOT,MLB,0,0,9,0,0,0,10.0,12,6,1,4,0,6,0,peacoma01
Elvis Peguero,LAA,AL,0,0,13,0,0,0,17.1,23,13,4,5,0,12,0,pegueel01
Ryan Pepiot,LAD,NL,3,0,9,0,0,0,36.1,26,14,6,27,0,42,3,pepiory01
Freddy Peralta,MIL,NL,4,4,18,0,0,0,78.0,54,31,6,27,0,86,3,peralfr01
Wandy Peralta*,NYY,AL,3,4,56,0,0,4,56.1,42,17,2,17,1,47,1,peralwa01
Wily Peralta,DET,AL,2,0,28,0,0,0,38.1,34,11,2,24,0,32,1,peralwi01
Luis Perdomo,MIL,NL,3,0,14,0,0,0,23.2,24,10,4,3,0,12,1,perdolu02
Cionel Pérez*,BAL,AL,7,1,66,0,0,1,57.2,46,9,2,21,1,55,1,perezci01
Francisco Perez*,WSN,NL,0,0,10,0,0,0,8.2,13,7,2,9,0,7,0,perezfr01
Martin Perez*,TEX,AL,12,8,32,1,1,0,196.1,178,63,11,69,0,169,6,perezma02
Oliver Perez*,ARI,NL,1,1,7,0,0,0,4.0,8,7,1,1,0,1,1,perezol01
Dillon Peters*,PIT,NL,5,2,22,0,0,0,39.1,35,20,5,17,0,26,0,peterdi01
David Peterson*,NYM,NL,7,5,28,0,0,0,105.2,93,45,11,48,1,126,7,peterda01
Jace Peterson,MIL,NL,0,0,1,0,0,0,1.0,0,0,0,0,0,0,0,peterja01
David Phelps,TOR,AL,0,2,65,0,0,1,63.2,52,20,2,31,0,64,4,phelpda01
Brett Phillips,TBR,AL,0,0,3,0,0,0,4.0,9,8,3,2,0,0,0,phillbr02
Evan Phillips,LAD,NL,7,3,64,0,0,2,63.0,33,8,2,15,1,77,3,phillev01
Konnor Pilkington*,CLE,AL,1,2,15,0,0,0,58.0,53,25,6,32,0,50,2,pilkiko01
Chad Pinder,OAK,AL,0,0,1,0,0,0,1.0,2,3,0,2,0,0,1,pindech01
Michael Pineda,DET,AL,2,7,11,0,0,0,46.2,58,30,13,8,0,26,0,pinedmi01
Nick Pivetta,BOS,AL,10,12,33,1,0,0,179.2,175,91,27,73,0,175,5,pivetni01
Michael Plassmeyer*,PHI,NL,0,1,2,0,0,0,7.1,9,3,1,1,0,7,0,plassmi01
Kevin Plawecki,BOS,AL,0,0,1,0,0,0,1.0,1,0,0,0,0,0,0,plaweke01
Zach Plesac,CLE,AL,3,12,25,0,0,0,131.2,136,63,19,38,0,100,5,plesaza01
Colin Poche*,TBR,AL,4,2,65,0,0,7,58.2,46,26,11,22,0,64,1,pocheco01
Zach Pop,TOT,MLB,4,0,35,0,0,0,39.0,41,12,2,4,0,25,2,popza01
Sean Poppen,ARI,NL,2,2,29,0,0,0,28.2,27,14,5,12,3,22,1,poppese01
Cody Poteet,MIA,NL,0,1,12,0,0,0,28.0,23,12,4,11,0,21,0,poteeco01
Ryan Pressly,HOU,AL,3,3,50,0,0,33,48.1,30,16,4,13,0,65,0,pressry01
David Price*,LAD,NL,2,0,40,0,0,2,40.1,38,11,6,9,2,37,0,priceda01
Austin Pruitt,OAK,AL,0,1,39,0,0,1,55.1,48,26,11,9,0,38,1,pruitau01
Albert Pujols,STL,NL,0,0,1,0,0,0,1.0,3,4,2,1,0,0,0,pujolal01
A.J. Puk*,OAK,AL,4,3,62,0,0,4,66.1,53,23,7,23,3,76,10,pukaj01
Cal Quantrill,CLE,AL,15,5,32,0,0,0,186.1,178,70,21,47,0,128,10,quantca01
Jose Quijada*,LAA,AL,0,5,42,0,0,3,40.2,25,18,5,21,4,52,2,quijajo01
Jose Quintana*,TOT,NL,6,7,32,0,0,0,165.2,154,54,8,47,1,137,3,quintjo01
Cole Ragans*,TEX,AL,0,3,9,0,0,0,40.0,43,22,6,16,0,27,0,raganco01
Tanner Rainey,WSN,NL,1,3,29,0,0,12,30.0,26,11,5,13,0,36,0,raineta01
Brooks Raley*,TBR,AL,1,2,60,0,0,6,53.2,37,16,3,15,0,61,6,raleybr01
Erasmo Ramirez,WSN,NL,4,2,60,0,0,0,86.1,79,28,11,14,1,61,6,ramirer02
Noe Ramirez,ARI,NL,5,4,55,0,0,0,50.0,45,29,9,26,2,51,3,ramirno01
Yohan Ramirez,TOT,MLB,4,1,30,0,0,1,37.1,32,19,4,20,1,32,6,ramiryo01
Drew Rasmussen,TBR,AL,11,7,28,0,0,0,146.0,121,46,13,31,0,125,3,rasmudr01
Robbie Ray*,SEA,AL,12,12,32,0,0,0,189.0,163,78,32,62,0,212,7,rayro02
Jake Reed,TOT,MLB,2,0,18,0,0,1,16.2,17,13,2,8,0,13,3,reedja02
Sean Reid-Foley,NYM,NL,0,0,7,0,0,0,10.0,7,6,1,7,0,8,1,reidfse01
Denyi Reyes,BAL,AL,0,0,3,0,0,0,7.2,8,2,0,1,0,3,0,reyesde02
Franmil Reyes,CHC,NL,0,0,1,0,0,0,1.0,0,0,0,0,0,1,1,reyesfr01
Gerardo Reyes,LAA,AL,0,0,2,0,0,0,2.0,3,1,1,3,0,0,0,reyesge01
Pablo Reyes,MIL,NL,0,0,1,0,0,0,1.0,0,0,0,0,0,0,0,reyespa01
Matt Reynolds,CIN,NL,0,0,2,0,0,0,1.1,3,1,0,0,0,0,2,reynoma03
Garrett Richards,TEX,AL,1,1,32,0,0,1,42.2,44,25,3,13,0,36,3,richaga01
Trevor Richards,TOR,AL,3,2,62,0,0,0,64.0,57,38,9,35,1,82,1,richatr01
Ethan Roberts,CHC,NL,0,1,9,0,0,0,7.2,10,7,3,6,0,9,1,roberet01
David Robertson,TOT,NL,4,3,58,0,0,20,63.2,39,17,6,35,1,81,3,roberda08
Hansel Robles,BOS,AL,1,3,26,0,0,2,24.2,25,16,5,14,1,21,0,robleha01
Carlos Rodon*,SFG,NL,14,8,31,1,0,0,178.0,131,57,12,52,0,237,3,rodonca01
Dereck Rodriguez,MIN,AL,0,1,2,0,0,0,7.2,7,3,3,4,1,4,0,rodride01
Eduardo Rodriguez*,DET,AL,5,5,17,0,0,0,91.0,87,41,12,34,0,72,2,rodried05
Elvin Rodriguez,DET,AL,0,4,7,0,0,0,29.2,42,35,12,15,1,25,1,rodriel02
Joely Rodriguez*,NYM,NL,2,4,55,0,0,0,50.1,42,25,3,26,1,57,1,rodrijo06
Manuel Rodríguez,CHC,NL,2,0,14,0,0,4,13.2,10,5,1,9,0,8,0,rodrima01
Yerry Rodriguez,TEX,AL,0,0,1,0,0,0,1.0,1,0,0,0,0,1,0,rodriye01
Josh Rogers*,WSN,NL,2,2,16,0,0,0,26.1,24,15,6,11,0,12,0,rogerjo01
Taylor Rogers*,TOT,NL,4,8,66,0,0,31,64.1,57,34,7,19,2,84,11,rogerta01
Trevor Rogers*,MIA,NL,4,11,23,0,0,0,107.0,116,65,15,45,0,106,5,rogertr01
Tyler Rogers,SFG,NL,3,4,68,0,0,0,75.2,73,30,3,23,0,49,5,rogerty01
Jordan Romano,TOR,AL,5,4,63,0,0,36,64.0,44,15,4,21,4,73,4,romanjo03
Jhon Romero,MIN,AL,0,0,4,0,0,0,5.0,9,2,0,1,0,6,0,romerjh01
JoJo Romero*,TOT,NL,0,0,17,0,0,0,16.1,13,9,3,10,0,17,0,romerjo01
Tommy Romero,TOT,MLB,1,1,4,0,0,0,8.1,11,10,7,9,0,7,0,romerto01
Sergio Romo,TOT,AL,0,1,23,0,0,0,18.0,19,15,7,6,1,14,0,romose01
Angel Rondon,STL,NL,1,0,1,0,0,0,5.0,1,0,0,3,0,4,0,rondoan01
Kenny Rosenberg*,LAA,AL,0,0,3,0,0,0,10.2,9,5,1,6,0,8,0,rosenke01
Bubby Rossman,PHI,NL,0,0,1,0,0,0,1.0,1,2,1,1,0,1,0,rossmbu01
Michael Rucker,CHC,NL,3,1,41,0,0,0,54.2,50,24,8,20,0,50,0,ruckemi01
Darin Ruf,NYM,NL,0,0,1,0,0,0,2.0,1,0,0,0,0,0,0,rufda01
Jose Ruiz,CHW,AL,1,0,63,0,0,0,60.2,53,31,9,33,0,68,0,ruizjo01
Norge Ruíz,OAK,AL,0,1,14,0,0,0,19.0,30,15,4,7,0,18,2,ruizno01
Joe Ryan,MIN,AL,13,8,27,0,0,0,147.0,115,58,20,47,0,151,10,ryanjo04
Hyun Jin Ryu*,TOR,AL,2,0,6,0,0,0,27.0,32,17,5,4,0,16,0,ryuhy01
Connor Sadzeck,MIL,NL,0,0,2,0,0,0,3.0,4,3,2,1,0,2,0,sadzeco01
Chris Sale*,BOS,AL,0,1,2,0,0,0,5.2,5,2,0,1,0,5,1,salech01
Adrian Sampson,CHC,NL,4,5,21,0,0,0,104.1,101,36,10,27,0,73,2,sampsad01
Aaron Sanchez,TOT,MLB,3,4,15,0,0,0,60.0,78,44,8,15,1,41,5,sanchaa01
Anibal Sanchez,WSN,NL,4,6,14,0,0,0,69.1,55,33,13,33,2,48,4,sanchan01
Cristopher Sanchez*,PHI,NL,2,2,15,0,0,1,40.0,38,25,5,17,1,35,4,sanchcr01
Miguel Sanchez,MIL,NL,1,1,12,0,0,0,13.1,12,6,3,8,2,9,0,sanchmi01
Yolmer Sanchez,BOS,AL,0,0,1,0,0,0,1.0,3,1,0,0,0,0,0,sanchca01
Phoenix Sanders,TBR,AL,0,0,8,0,0,0,14.2,12,5,0,3,0,12,0,sandeph01
Nick Sandlin,CLE,AL,5,2,46,0,0,0,44.0,27,11,2,24,3,41,3,sandlni01
Patrick Sandoval*,LAA,AL,6,9,27,1,1,0,148.2,139,48,8,60,0,151,5,sandopa02
Cole Sands,MIN,AL,0,3,11,0,0,1,30.2,35,20,4,13,0,28,5,sandsco01
Reiver Sanmartin*,CIN,NL,4,4,45,0,0,0,57.0,66,40,8,29,2,47,0,sanmare01
Dennis Santana,TEX,AL,3,8,63,0,0,1,58.2,50,34,2,28,1,54,4,santade01
Tony Santillan,CIN,NL,0,1,21,0,0,4,19.2,23,12,1,12,1,21,4,santito01
Gregory Santos,SFG,NL,0,0,2,0,0,0,3.2,3,2,0,3,0,2,0,santogr01
Tayler Saucedo*,TOR,AL,0,0,4,0,0,0,2.2,6,4,3,1,0,0,0,sauceta01
Hirokazu Sawamura,BOS,AL,1,1,49,0,0,0,50.2,45,21,4,27,2,40,0,sawamhi01
Josh Sborz,TEX,AL,1,0,19,0,0,0,22.1,25,16,4,11,1,32,0,sborzjo01
Max Scherzer,NYM,NL,11,5,23,0,0,0,145.1,108,37,13,24,0,173,11,scherma01
Clarke Schmidt,NYY,AL,5,5,29,0,0,2,57.2,46,20,5,23,3,56,2,schmicl01
John Schreiber,BOS,AL,4,4,64,0,0,8,65.0,45,16,3,19,0,74,4,schrejo01
Max Schrock,CIN,NL,0,0,1,0,0,0,1.0,7,5,2,0,0,0,0,schroma01
Frank Schwindel,CHC,NL,0,0,3,0,0,0,3.0,8,6,4,1,0,0,0,schwifr01
Tanner Scott*,MIA,NL,4,5,67,0,0,20,62.2,55,30,5,46,1,90,4,scottta01
Tayler Scott,SDP,NL,0,1,8,0,0,0,12.0,19,9,1,6,0,13,0,scottta02
Connor Seabold,BOS,AL,0,4,5,0,0,0,18.1,35,23,5,8,0,19,3,seaboco01
JP Sears*,TOT,AL,6,3,17,0,0,0,70.0,67,30,8,23,1,51,2,searsjp01
Cody Sedlock,BAL,AL,0,0,1,0,0,0,3.0,6,5,0,1,0,3,0,sedloco01
Sam Selman*,OAK,AL,0,0,16,0,0,0,18.1,16,10,4,5,0,18,1,selmasa01
Antonio Senzatela,COL,NL,3,7,19,0,0,0,92.1,133,52,9,23,0,54,3,senzaan01
Brian Serven,COL,NL,0,0,1,0,0,0,1.0,0,0,0,1,0,0,0,servebr01
Anderson Severino*,CHW,AL,0,0,6,0,0,0,7.1,7,5,0,4,0,9,2,severan01
Luis Severino,NYY,AL,7,3,19,0,0,0,102.0,72,36,14,30,0,112,4,severlu01
Paul Sewald,SEA,AL,5,4,65,0,0,20,64.0,32,19,10,17,4,72,4,sewalpa01
Bryan Shaw,CLE,AL,6,2,60,0,0,1,58.1,58,35,9,26,1,52,4,shawbr01
Jordan Sheffield,COL,NL,0,0,2,0,0,0,2.0,2,0,0,2,0,1,0,sheffjo01
Justus Sheffield*,SEA,AL,1,0,6,0,0,0,11.2,9,5,1,6,0,7,1,sheffju01
Chasen Shreve*,NYM,NL,1,1,25,0,0,0,26.1,27,19,6,10,1,29,0,shrevch01
Chase Silseth,LAA,AL,1,3,7,0,0,0,28.2,33,21,7,12,0,24,1,silsech01
Andrelton Simmons,CHC,NL,0,0,1,0,0,0,1.0,5,5,0,1,0,0,0,simmoan01
Lucas Sims,CIN,NL,1,0,6,0,0,1,6.2,5,7,0,6,0,5,1,simslu01
Brady Singer,KCR,AL,10,5,27,0,0,0,153.1,140,55,18,35,0,150,11,singebr01
Tarik Skubal*,DET,AL,7,8,21,0,0,0,117.2,104,46,9,32,0,117,1,skubata01
Ethan Small*,MIL,NL,0,0,2,0,0,0,6.1,8,5,1,8,0,7,0,smallet01
Devin Smeltzer*,MIN,AL,5,2,15,0,0,0,70.1,67,29,13,19,0,40,1,smeltde01
Caleb Smith*,ARI,NL,1,3,44,0,0,0,70.0,57,32,14,39,1,65,1,smithca03
Chad Smith,COL,NL,0,1,15,0,0,0,18.0,16,15,2,15,0,23,2,smithch12
Drew Smith,NYM,NL,3,3,44,0,0,0,46.0,38,17,9,15,0,53,0,smithdr01
Joe Smith,MIN,AL,1,1,34,0,0,0,27.1,33,14,7,9,1,17,1,smithjo05
Will Smith*,TOT,MLB,0,3,65,0,0,5,59.0,58,26,9,25,3,65,2,smithwi04
Drew Smyly*,CHC,NL,7,8,22,0,0,0,106.1,101,41,16,26,0,91,5,smylydr01
Kirby Snead*,OAK,AL,1,1,46,0,0,1,44.2,56,29,5,22,3,35,2,sneadki01
Blake Snell*,SDP,NL,8,10,24,0,0,0,128.0,103,48,11,51,0,171,2,snellbl01
Collin Snider,KCR,AL,4,2,42,0,0,0,34.1,40,25,3,15,0,22,2,snideco01
Nicklaus Snyder,TEX,AL,0,0,2,0,0,0,1.0,1,2,0,3,0,0,0,snydeni01
Jared Solomon,CIN,NL,0,0,9,0,0,0,8.1,8,10,3,5,0,9,1,solomja01
Gregory Soto*,DET,AL,2,11,64,0,0,30,60.1,49,22,2,34,1,60,7,sotogr01
Bennett Sousa*,CHW,AL,3,0,25,0,0,1,20.1,25,19,3,10,1,12,1,sousabe01
Gabe Speier*,KCR,AL,0,1,17,0,0,0,19.1,16,5,2,5,0,14,0,speiega01
Jeffrey Springs*,TBR,AL,9,5,33,0,0,0,135.1,114,37,14,31,0,144,1,sprinje01
Locke St. John*,CHC,NL,0,0,1,0,0,0,2.0,3,3,2,0,0,4,0,stjohlo01
Craig Stammen,SDP,NL,1,2,33,0,0,0,40.2,45,20,9,10,0,35,2,stammcr01
Ryne Stanek,HOU,AL,2,1,59,0,0,1,54.2,36,7,2,31,1,62,0,stanery01
Cody Stashak,MIN,AL,3,0,11,0,0,0,16.1,16,7,1,0,0,15,0,stashco01
Josh Staumont,KCR,AL,3,3,42,0,0,3,37.2,37,27,3,29,0,43,1,staumjo01
Drew Steckenrider,SEA,AL,0,2,16,0,0,2,14.1,21,9,2,5,0,10,0,steckdr01
Justin Steele*,CHC,NL,4,7,24,0,0,0,119.0,111,42,8,50,0,126,3,steelju01
Trevor Stephan,CLE,AL,6,5,66,0,0,3,63.2,57,19,3,18,2,82,4,stephtr01
Jackson Stephens,ATL,NL,3,3,39,0,0,2,53.2,49,22,3,23,4,47,3,stephja01
Robert Stephenson,TOT,NL,2,2,58,0,0,0,58.0,63,35,10,14,1,55,1,stephro01
Eric Stout*,TOT,NL,0,0,20,0,0,1,22.1,25,14,2,16,1,25,3,stouter01
Matt Strahm*,BOS,AL,4,4,50,0,0,4,44.2,38,19,5,17,1,52,5,strahma01
Dee Strange-Gordon,WSN,NL,0,0,1,0,0,0,1.0,2,3,1,3,0,0,1,gordode01
Stephen Strasburg,WSN,NL,0,1,1,0,0,0,4.2,8,7,1,2,0,5,1,strasst01
Chris Stratton,TOT,NL,10,4,60,0,0,2,63.1,72,30,4,25,2,60,2,stratch01
Hunter Strickland,CIN,NL,3,3,66,0,0,7,62.1,61,34,8,33,1,60,7,strichu01
Spencer Strider,ATL,NL,11,5,31,0,0,0,131.2,86,39,7,45,1,202,3,stridsp01
Ross Stripling,TOR,AL,10,4,32,0,0,1,134.1,117,45,12,20,0,111,2,stripro01
Marcus Stroman,CHC,NL,6,7,25,0,0,0,138.2,123,54,16,36,0,119,4,stromma01
Peter Strzelecki,MIL,NL,2,1,30,0,0,1,35.0,28,11,2,15,2,40,1,strzepe01
Garrett Stubbs,PHI,NL,0,0,4,0,0,0,3.2,7,7,3,1,0,1,0,stubbga01
Jose Suarez*,LAA,AL,8,8,22,0,0,0,109.0,103,48,14,33,2,103,4,suarejo01
Ranger Suarez*,PHI,NL,10,7,29,0,0,0,155.1,149,63,15,58,0,129,2,suarera01
Robert Suarez,SDP,NL,5,1,45,0,0,1,47.2,29,12,4,21,0,61,4,suarero01
Beau Sulser,TOT,MLB,0,0,10,0,0,0,22.1,24,9,3,9,2,19,1,sulsebe01
Cole Sulser,MIA,NL,1,4,39,0,0,2,34.0,39,20,6,16,1,38,0,sulseco01
Brent Suter*,MIL,NL,5,3,54,0,0,0,66.2,58,28,9,22,0,53,3,suterbr01
Erik Swanson,SEA,AL,3,2,57,0,0,3,53.2,39,10,3,10,1,70,1,swanser01
Matt Swarmer,CHC,NL,2,3,11,0,0,0,34.0,33,19,12,20,1,36,0,swarmma01
Noah Syndergaard,TOT,MLB,10,10,25,1,0,0,134.2,138,59,14,31,0,95,4,syndeno01
Thomas Szapucki*,TOT,NL,0,1,11,0,0,0,15.0,19,12,6,7,0,18,0,szaputh01
Jameson Taillon,NYY,AL,14,5,32,0,0,0,177.1,168,77,26,32,0,151,5,taillja01
Domingo Tapia,OAK,AL,0,0,11,0,0,0,17.0,25,16,1,14,1,12,1,tapiado01
Freddy Tarnok,ATL,NL,0,0,1,0,0,0,0.2,1,0,0,0,0,1,0,tarnofr01
Dillon Tate,BAL,AL,4,4,67,0,0,5,73.2,57,25,6,16,2,60,7,tatedi01
Blake Taylor*,HOU,AL,1,1,19,0,0,0,16.0,15,7,1,10,0,9,1,taylobl01
Michael A. Taylor,KCR,AL,0,0,1,0,0,0,2.0,5,2,1,2,0,2,0,taylomi02
Ryan Tepera,LAA,AL,5,4,59,0,0,6,57.1,42,23,7,20,3,47,2,teperry01
Jackson Tetreault,WSN,NL,2,2,4,0,0,0,21.0,23,12,4,10,0,9,0,tetreja01
Caleb Thielbar*,MIN,AL,4,3,67,0,0,1,59.1,51,23,5,18,1,80,0,thielca01
Keegan Thompson,CHC,NL,10,5,29,0,0,1,115.0,103,48,16,43,0,108,9,thompke02
Mason Thompson,WSN,NL,1,1,24,0,0,1,24.2,19,8,2,9,0,15,1,thompma02
Ryan Thompson,TBR,AL,3,3,47,0,0,3,42.2,39,18,4,11,2,39,2,thompry02
Zach Thompson,PIT,NL,3,10,29,0,0,0,121.2,138,70,19,46,0,90,3,thompza01
Zack Thompson*,STL,NL,1,1,22,0,0,1,34.2,20,8,3,14,0,27,0,thompza02
Tyler Thornburg,TOT,MLB,0,1,14,0,0,0,19.0,16,7,1,11,0,14,1,thornty01
Trent Thornton,TOR,AL,0,2,32,0,0,0,46.0,40,21,7,17,0,37,1,thorntr01
Jesus Tinoco,TEX,AL,0,0,17,0,0,0,20.2,12,5,2,10,0,18,1,tinocje01
Justin Topa,MIL,NL,0,0,7,0,0,0,7.1,9,4,0,4,1,4,0,topaju01
Luis Torrens,SEA,AL,1,0,2,0,0,0,2.0,3,1,1,0,0,0,0,torrelu01
Touki Toussaint,LAA,AL,1,1,8,0,0,0,25.1,15,13,2,19,0,26,4,toussto01
Blake Treinen,LAD,NL,1,1,5,0,0,0,5.0,1,1,1,1,0,6,0,treinbl01
Lou Trivino,TOT,AL,2,8,64,0,0,11,53.2,64,27,6,24,2,67,4,trivilo01
Tanner Tully*,CLE,AL,0,0,3,0,0,0,6.0,8,4,1,6,1,2,0,tullyta01
Kyle Tyler,SDP,NL,1,0,2,0,0,0,4.0,2,0,0,1,0,2,0,tylerky01
Edwin Uceta,ARI,NL,0,0,10,0,0,0,17.0,14,11,2,7,0,13,1,ucetaed01
Erich Uelmen,CHC,NL,2,1,25,0,0,1,27.0,25,14,3,12,1,21,6,uelmeer01
Duane Underwood Jr.,PIT,NL,1,6,51,0,0,1,57.1,58,28,1,25,1,57,5,underdu01
Jose Urena,TOT,NL,3,8,21,0,0,0,97.0,109,54,11,43,0,63,1,urenajo01
Julio Urias*,LAD,NL,17,7,31,0,0,0,175.0,127,42,23,41,0,166,5,uriasju01
Jose Urquidy,HOU,AL,13,8,29,0,0,0,164.1,154,72,29,38,0,134,7,urquijo01
Cesar Valdez,LAA,AL,0,0,1,0,0,0,1.0,2,1,0,0,0,0,0,valdece01
Framber Valdez*,HOU,AL,17,6,31,3,1,0,201.1,166,63,11,67,0,194,11,valdefr01
Phillips Valdez,BOS,AL,0,1,13,0,0,0,16.1,12,8,0,7,0,13,6,valdeph01
Josh VanMeter,PIT,NL,0,0,3,0,0,0,3.0,15,13,5,2,0,0,0,vanmejo01
Ildemaro Vargas,WSN,NL,0,0,1,0,0,0,1.0,0,0,0,0,0,0,0,vargail01
Louie Varland,MIN,AL,1,2,5,0,0,0,26.0,26,11,4,6,1,21,1,varlalo01
Andrew Vasquez*,TOT,MLB,0,0,10,0,0,0,8.2,6,6,1,4,0,10,3,vasquan02
Vince Velasquez,CHW,AL,3,3,27,0,0,0,75.1,68,40,11,25,0,69,2,velasvi01
Drew VerHagen,STL,NL,3,1,19,0,0,0,21.2,27,16,5,14,1,18,1,verhadr01
Justin Verlander,HOU,AL,18,4,28,0,0,0,175.0,116,34,12,29,0,185,6,verlaju01
Alex Vesia*,LAD,NL,5,0,63,0,0,1,54.1,37,13,2,24,1,79,2,vesiaal01
Nick Vespi*,BAL,AL,5,0,25,0,0,1,26.1,29,12,5,8,1,28,1,vespini01
Will Vest,DET,AL,3,3,59,0,0,1,63.0,62,28,6,22,0,63,3,vestwi01
Cam Vieaux*,PIT,NL,0,0,8,0,0,0,8.2,15,10,2,5,0,15,1,vieauca01
Arodys Vizcaino,KCR,AL,0,0,7,0,0,0,5.2,4,4,1,7,0,3,0,vizcaar01
Austin Voth,TOT,MLB,5,4,41,0,0,0,101.2,111,49,14,31,0,90,3,vothau01
Michael Wacha,BOS,AL,11,2,23,1,1,0,127.1,111,47,18,31,0,104,4,wachami01
Adam Wainwright,STL,NL,11,12,32,1,0,0,191.2,192,79,16,54,1,143,7,wainwad01
Cole Waites,SFG,NL,0,0,7,0,0,0,5.2,6,2,1,4,0,4,0,waiteco01
Ken Waldichuk*,OAK,AL,2,2,7,0,0,0,34.2,32,19,5,10,0,33,4,waldike01
Taijuan Walker,NYM,NL,12,5,29,0,0,0,157.1,143,61,15,45,1,132,6,walketa01
Jake Walsh,STL,NL,0,1,3,0,0,0,2.2,3,4,0,2,0,5,1,walshja02
Nash Walters,LAA,AL,0,0,1,0,0,0,0.1,1,0,0,1,0,0,0,waltena01
Donovan Walton,SFG,NL,0,0,1,0,0,0,1.0,3,3,1,1,0,0,0,waltodo01
Andrew Wantz,LAA,AL,2,1,42,0,0,0,50.1,37,18,8,21,0,52,2,wantzan01
Art Warren,CIN,NL,2,3,39,0,0,3,36.0,37,26,6,22,1,40,2,warrear01
Austin Warren,LAA,AL,2,0,14,0,0,0,16.0,19,10,3,5,2,9,0,warreau01
Spenser Watkins,BAL,AL,5,6,23,0,0,0,105.1,119,55,11,30,0,63,4,watkisp01
Ryan Weathers*,SDP,NL,0,0,1,0,0,0,3.2,6,4,0,4,0,3,0,weathry01
Luke Weaver,TOT,MLB,1,1,26,0,0,0,35.2,52,26,1,13,0,38,3,weavelu01
Logan Webb,SFG,NL,15,9,32,0,0,0,192.1,174,62,11,49,0,163,7,webblo01
Ryan Weber,NYY,AL,0,0,5,0,0,1,10.2,6,1,1,1,0,3,0,weberry01
Jordan Weems,WSN,NL,0,1,32,0,0,0,39.2,35,23,7,12,1,41,0,weemsjo01
Zack Weiss,LAA,AL,0,1,12,0,0,0,13.1,7,5,2,7,2,18,1,weissza01
Greg Weissert,NYY,AL,3,0,12,0,0,0,11.1,6,7,1,5,0,11,2,weissgr01
Alex Wells*,BAL,AL,0,0,2,0,0,0,3.2,5,2,2,0,0,6,0,wellsal01
Tyler Wells,BAL,AL,7,7,23,0,0,0,103.2,90,49,16,28,0,76,2,wellsty01
J.B. Wendelken,ARI,NL,2,1,29,0,0,0,29.0,25,17,4,14,0,21,1,wendejb01
Joey Wentz*,DET,AL,2,2,7,0,0,0,32.2,23,11,2,13,0,27,1,wentzjo01
Hayden Wesneski,CHC,NL,3,2,6,0,0,0,33.0,24,8,3,7,0,33,3,wesneha01
Zack Wheeler,PHI,NL,12,7,26,0,0,0,153.0,125,48,13,34,1,163,7,wheelza01
Mitch White,TOT,MLB,1,7,25,0,0,0,99.0,110,60,9,35,0,78,3,whitemi03
Kodi Whitley,STL,NL,2,0,14,0,0,0,12.2,11,8,2,9,0,12,2,whitlko01
Garrett Whitlock,BOS,AL,4,2,31,0,0,6,78.1,65,30,10,15,0,82,1,whitlga01
Rowan Wick,CHC,NL,4,7,64,0,0,9,64.0,79,30,9,29,2,69,1,wickro01
Taylor Widener,ARI,NL,0,1,14,0,0,0,17.1,22,7,2,5,1,14,3,widenta01
Collin Wiles,OAK,AL,0,0,4,0,0,0,9.2,11,5,1,2,0,9,1,wilesco01
Devin Williams,MIL,NL,6,4,65,0,0,15,60.2,31,13,2,30,1,96,3,willide03
Trevor Williams,NYM,NL,3,5,30,0,0,1,89.2,87,32,12,23,1,84,4,willitr01
Bryse Wilson,PIT,NL,3,9,25,0,0,0,115.2,132,71,20,32,1,79,9,wilsobr02
Justin Wilson*,CIN,NL,0,1,5,0,0,0,3.2,3,1,0,0,0,7,0,wilsoju10
Steven Wilson,SDP,NL,4,2,50,0,0,1,53.0,36,18,7,20,0,53,3,wilsost02
Josh Winckowski,BOS,AL,5,7,15,0,0,0,70.1,85,46,10,27,1,44,2,winckjo01
Josh Winder,MIN,AL,4,6,15,0,0,0,67.0,69,35,11,18,0,47,5,windejo01
Matt Wisler,TBR,AL,3,3,39,0,0,1,44.0,30,11,6,14,1,35,0,wislema01
Nick Wittgren,STL,NL,1,0,29,0,0,1,29.0,35,19,1,10,0,17,4,wittgni01
Alex Wood*,SFG,NL,8,12,26,0,0,0,130.2,132,74,17,30,1,131,12,woodal02
Jake Woodford,STL,NL,4,0,27,0,0,0,48.1,43,12,1,11,1,24,1,woodfja01
Brandon Woodruff,MIL,NL,13,4,27,0,0,0,153.1,122,52,18,42,0,190,5,woodrbr01
Simeon Woods Richardson,MIN,AL,0,1,1,0,0,0,5.0,3,2,1,2,0,3,0,woodssi01
William Woods,ATL,NL,0,0,2,0,0,0,2.0,2,0,0,1,0,2,0,woodswi02
Kyle Wright,ATL,NL,21,5,30,0,0,0,180.1,156,64,19,53,0,174,9,wrighky01
Austin Wynns,SFG,NL,0,0,2,0,0,0,2.0,3,3,1,1,0,0,0,wynnsau01
Jimmy Yacabonis,TOT,MLB,1,1,14,0,0,0,14.0,20,13,4,10,0,21,2,yacabji01
Miguel Yajure,PIT,NL,1,1,12,0,0,1,24.1,31,24,3,16,1,16,2,yajurmi01
Ryan Yarbrough*,TBR,AL,3,8,20,0,0,0,80.0,88,40,12,22,0,61,11,yarbrry01
Kirby Yates,ATL,NL,0,0,9,0,0,0,7.0,6,4,2,5,0,6,0,yateski01
Huascar Ynoa,ATL,NL,0,2,2,0,0,0,6.2,11,10,2,6,0,8,0,ynoahu01
Alex Young*,TOT,MLB,1,1,25,0,0,0,26.2,29,7,0,11,0,21,1,youngal01
Danny Young*,TOT,MLB,0,0,3,0,0,0,6.1,11,3,1,2,0,6,0,youngda02
Aneurys Zabala,MIA,NL,0,0,2,0,0,0,2.2,3,0,0,1,0,2,0,zabalan01
Rob Zastryzny*,TOT,MLB,0,0,6,0,0,0,4.0,3,3,0,1,0,3,0,zastrro01
Angel Zerpa*,KCR,AL,2,1,3,0,0,0,11.0,9,2,2,3,0,3,0,zerpaan01
T.J. Zeuch,CIN,NL,0,3,3,0,0,0,10.2,24,18,5,7,0,5,3,zeuchtj01
Bruce Zimmermann*,BAL,AL,2,5,15,0,0,0,73.2,97,49,21,12,0,49,2,zimmebr02